Task_ID,Timestamp,Joint_ID,Desired_Position,Actual_Position,Desired_Velocity,Actual_Velocity,Actuator_Torque_Command,Energy_Consumption,Path_Error,Predicted_Position_SRR_DM_Bi_LSTM,Predicted_Velocity_SRR_DM_Bi_LSTM,Inference_Latency,Edge_Node_ID,Task_Completion_Time,Environment_Load,Motion_Type,Robot_Model,Edge_Computing_Enabled,Green_Computing_Mode,Target_Desired_Position
T008,2024-07-01 09:00:00,1,39.96,39.4,0.32,0.34,0.84,5.8,0.46,40.19,0.31,22.95,Edge-03,10.92,Light,Place,FANUC M-20iA,True,True,39.96
T008,2024-07-01 09:00:01,4,34.34,34.61,0.62,0.53,1.23,4.71,0.24,34.07,0.59,23.64,Edge-01,13.93,Heavy,Place,KUKA KR10,True,True,34.34
T009,2024-07-01 09:00:02,3,25.97,27.25,0.24,0.26,1.23,4.76,0.24,25.88,0.23,22.81,Edge-03,12.48,Heavy,Inspect,FANUC M-20iA,True,True,25.97
T005,2024-07-01 09:00:03,2,12.75,13.68,0.93,0.97,1.02,5.28,0.18,12.35,0.93,24.92,Edge-01,13.88,Light,Place,FANUC M-20iA,True,True,12.75
T006,2024-07-01 09:00:04,2,85.16,85.27,0.94,0.98,0.86,4.79,0.29,85.07,0.91,24.57,Edge-03,11.78,Heavy,Inspect,FANUC M-20iA,True,True,85.16
T006,2024-07-01 09:00:05,5,32.47,32.11,0.63,0.65,0.85,5.98,0.26,32.27,0.64,22.51,Edge-03,14.08,Heavy,Pick,FANUC M-20iA,True,True,32.47
T004,2024-07-01 09:00:06,1,66.55,67.0,0.26,0.3,1.05,4.67,0.33,66.84,0.25,23.28,Edge-03,11.63,Heavy,Pick,KUKA KR10,True,True,66.55
T007,2024-07-01 09:00:07,6,68.37,68.28,0.71,0.71,0.88,5.57,0.4,68.48,0.74,24.43,Edge-02,12.47,Heavy,Place,IRB6700,True,True,68.37
T010,2024-07-01 09:00:08,2,51.82,51.62,0.29,0.29,0.82,5.45,0.31,51.22,0.29,23.53,Edge-02,13.78,Light,Weld,KUKA KR10,True,True,51.82
T006,2024-07-01 09:00:09,2,28.3,28.48,0.26,0.22,1.45,5.71,0.25,28.57,0.27,24.51,Edge-03,10.93,Light,Place,FANUC M-20iA,True,True,28.3
T008,2024-07-01 09:00:10,6,81.4,82.09,0.92,0.93,1.02,4.67,0.26,80.96,0.93,22.52,Edge-01,12.55,Heavy,Pick,IRB6700,True,True,81.4
T009,2024-07-01 09:00:11,4,43.39,43.52,0.38,0.36,1.46,4.98,0.22,43.96,0.38,23.41,Edge-02,14.86,Heavy,Pick,KUKA KR10,True,True,43.39
T001,2024-07-01 09:00:12,4,87.0,86.99,0.44,0.36,1.0,4.56,0.31,87.74,0.44,22.86,Edge-02,12.45,Heavy,Inspect,IRB6700,True,True,87.0
T004,2024-07-01 09:00:13,5,88.85,89.0,0.39,0.45,0.97,5.59,0.38,89.27,0.36,24.08,Edge-03,12.68,Light,Weld,KUKA KR10,True,True,88.85
T008,2024-07-01 09:00:14,1,17.22,16.97,0.35,0.4,0.83,5.39,0.14,17.24,0.33,24.23,Edge-01,11.93,Heavy,Weld,KUKA KR10,True,True,17.22
T008,2024-07-01 09:00:15,5,84.94,85.18,0.31,0.27,1.45,5.82,0.27,85.18,0.29,24.54,Edge-03,12.78,Heavy,Pick,KUKA KR10,True,True,84.94
T009,2024-07-01 09:00:16,5,52.37,52.21,0.92,0.91,1.43,5.45,0.18,51.97,0.93,24.72,Edge-01,13.9,Light,Pick,IRB6700,True,True,52.37
T005,2024-07-01 09:00:17,2,61.36,61.51,0.27,0.28,0.8,4.74,0.23,61.92,0.28,24.13,Edge-01,11.12,Light,Weld,KUKA KR10,True,True,61.36
T004,2024-07-01 09:00:18,4,66.97,66.59,0.8,0.74,1.25,5.77,0.38,67.54,0.8,23.16,Edge-01,11.22,Heavy,Place,IRB6700,True,True,66.97
T005,2024-07-01 09:00:19,4,87.84,87.46,0.51,0.52,1.36,5.25,0.38,87.76,0.56,22.99,Edge-02,13.61,Light,Inspect,FANUC M-20iA,True,True,87.84
T010,2024-07-01 09:00:20,1,32.46,32.48,0.34,0.33,1.46,5.93,0.28,32.67,0.35,24.91,Edge-02,14.27,Heavy,Place,FANUC M-20iA,True,True,32.46
T007,2024-07-01 09:00:21,1,33.56,33.52,0.51,0.49,0.92,5.34,0.39,33.61,0.52,23.93,Edge-01,10.49,Heavy,Inspect,IRB6700,True,True,33.56
T004,2024-07-01 09:00:22,1,59.2,59.73,0.79,0.79,1.29,5.55,0.16,58.92,0.8,24.67,Edge-03,14.57,Light,Weld,KUKA KR10,True,True,59.2
T006,2024-07-01 09:00:23,5,50.91,51.17,0.6,0.63,1.29,5.69,0.41,50.82,0.62,23.44,Edge-03,10.47,Light,Inspect,IRB6700,True,True,50.91
T007,2024-07-01 09:00:24,6,56.26,56.24,0.63,0.6,1.0,5.39,0.25,56.59,0.63,24.42,Edge-03,11.08,Heavy,Pick,IRB6700,True,True,56.26
T010,2024-07-01 09:00:25,3,59.83,59.29,0.27,0.27,1.18,5.46,0.23,59.22,0.27,24.49,Edge-02,11.35,Light,Place,IRB6700,True,True,59.83
T009,2024-07-01 09:00:26,2,45.12,44.73,0.34,0.42,0.91,4.88,0.48,45.24,0.31,24.89,Edge-02,13.69,Light,Inspect,FANUC M-20iA,True,True,45.12
T003,2024-07-01 09:00:27,3,54.35,54.81,0.69,0.61,1.05,5.64,0.25,54.48,0.71,23.69,Edge-02,10.49,Heavy,Pick,KUKA KR10,True,True,54.35
T004,2024-07-01 09:00:28,2,49.33,48.68,0.55,0.54,1.08,5.42,0.26,49.37,0.58,23.76,Edge-03,14.28,Heavy,Inspect,KUKA KR10,True,True,49.33
T003,2024-07-01 09:00:29,4,62.7,61.98,0.33,0.34,0.82,5.38,0.24,62.73,0.34,23.47,Edge-03,13.22,Light,Inspect,IRB6700,True,True,62.7
T003,2024-07-01 09:00:30,5,46.66,47.0,0.51,0.51,1.47,5.86,0.33,46.47,0.51,24.61,Edge-02,10.12,Heavy,Weld,FANUC M-20iA,True,True,46.66
T008,2024-07-01 09:00:31,5,75.16,74.91,0.43,0.45,1.24,5.82,0.23,75.4,0.44,23.21,Edge-01,10.89,Light,Pick,IRB6700,True,True,75.16
T008,2024-07-01 09:00:32,6,70.05,69.16,0.82,0.76,1.04,5.9,0.28,70.38,0.84,22.76,Edge-01,14.51,Heavy,Pick,IRB6700,True,True,70.05
T005,2024-07-01 09:00:33,6,50.42,50.83,0.86,0.89,1.07,4.52,0.27,50.52,0.86,24.88,Edge-02,12.87,Heavy,Pick,IRB6700,True,True,50.42
T002,2024-07-01 09:00:34,5,60.55,59.65,0.46,0.44,1.27,5.63,0.36,60.74,0.46,22.64,Edge-01,12.75,Heavy,Weld,FANUC M-20iA,True,True,60.55
T005,2024-07-01 09:00:35,1,45.32,44.87,0.91,0.87,0.9,5.64,0.27,45.07,0.91,22.71,Edge-02,13.5,Heavy,Weld,IRB6700,True,True,45.32
T010,2024-07-01 09:00:36,3,15.82,16.1,0.27,0.31,0.86,5.98,0.16,15.4,0.26,24.44,Edge-03,12.79,Light,Weld,FANUC M-20iA,True,True,15.82
T002,2024-07-01 09:00:37,6,43.94,43.83,0.93,0.93,0.81,5.2,0.2,44.04,0.91,24.37,Edge-02,12.92,Heavy,Weld,FANUC M-20iA,True,True,43.94
T005,2024-07-01 09:00:38,2,86.97,86.25,0.89,0.85,0.96,5.94,0.32,86.97,0.89,24.92,Edge-01,12.62,Heavy,Inspect,IRB6700,True,True,86.97
T004,2024-07-01 09:00:39,5,60.35,59.96,0.76,0.87,1.21,5.85,0.22,61.01,0.74,23.19,Edge-03,10.94,Heavy,Place,KUKA KR10,True,True,60.35
T008,2024-07-01 09:00:40,5,47.1,47.62,0.26,0.17,1.48,5.98,0.33,47.66,0.28,24.21,Edge-03,10.81,Light,Weld,IRB6700,True,True,47.1
T008,2024-07-01 09:00:41,5,82.87,82.58,0.86,0.79,1.45,5.8,0.48,83.22,0.85,24.97,Edge-02,10.75,Light,Inspect,IRB6700,True,True,82.87
T010,2024-07-01 09:00:42,2,57.53,57.7,0.87,0.87,1.39,5.2,0.14,57.35,0.87,24.42,Edge-01,14.72,Heavy,Inspect,IRB6700,True,True,57.53
T005,2024-07-01 09:00:43,2,77.97,77.99,0.4,0.35,1.47,5.41,0.29,78.18,0.38,24.05,Edge-01,11.79,Heavy,Place,IRB6700,True,True,77.97
T009,2024-07-01 09:00:44,5,19.08,19.2,0.82,0.92,1.16,5.78,0.51,19.61,0.82,22.84,Edge-02,10.14,Light,Inspect,IRB6700,True,True,19.08
T005,2024-07-01 09:00:45,6,70.41,70.9,0.7,0.65,0.9,4.52,0.37,70.73,0.66,23.48,Edge-03,12.19,Heavy,Place,IRB6700,True,True,70.41
T002,2024-07-01 09:00:46,5,82.33,82.43,0.83,0.72,1.08,5.43,0.13,82.31,0.84,23.73,Edge-01,11.64,Heavy,Place,IRB6700,True,True,82.33
T001,2024-07-01 09:00:47,5,60.67,60.65,0.39,0.41,0.93,5.02,0.21,60.65,0.41,24.17,Edge-03,10.86,Light,Pick,IRB6700,True,True,60.67
T004,2024-07-01 09:00:48,3,25.38,24.97,0.27,0.24,0.88,5.19,0.24,25.02,0.31,22.6,Edge-02,14.0,Heavy,Pick,KUKA KR10,True,True,25.38
T006,2024-07-01 09:00:49,6,60.23,60.25,0.27,0.26,1.36,5.62,0.28,60.07,0.26,23.43,Edge-02,12.42,Light,Weld,IRB6700,True,True,60.23
T010,2024-07-01 09:00:50,4,59.46,59.15,0.8,0.69,0.83,4.88,0.36,59.55,0.86,22.77,Edge-01,12.24,Heavy,Pick,FANUC M-20iA,True,True,59.46
T009,2024-07-01 09:00:51,4,52.61,53.17,0.39,0.35,0.81,4.98,0.16,52.42,0.37,22.8,Edge-01,14.45,Light,Pick,KUKA KR10,True,True,52.61
T006,2024-07-01 09:00:52,3,57.49,58.02,0.6,0.63,0.86,5.31,0.45,57.65,0.58,23.21,Edge-01,11.82,Heavy,Place,KUKA KR10,True,True,57.49
T009,2024-07-01 09:00:53,6,61.67,61.57,0.66,0.59,0.87,4.73,0.36,61.47,0.65,22.97,Edge-02,11.43,Heavy,Pick,IRB6700,True,True,61.67
T007,2024-07-01 09:00:54,4,23.87,22.62,0.99,1.02,0.88,5.1,0.24,24.1,1.0,24.82,Edge-01,12.78,Light,Weld,IRB6700,True,True,23.87
T010,2024-07-01 09:00:55,6,55.73,55.24,0.42,0.39,1.03,5.14,0.36,55.24,0.42,22.79,Edge-01,13.05,Light,Inspect,FANUC M-20iA,True,True,55.73
T008,2024-07-01 09:00:56,5,33.09,32.52,0.58,0.59,1.17,4.58,0.21,32.97,0.6,23.14,Edge-02,13.41,Heavy,Place,FANUC M-20iA,True,True,33.09
T006,2024-07-01 09:00:57,1,70.82,70.53,0.68,0.56,1.04,5.89,0.22,70.93,0.67,24.85,Edge-02,10.91,Light,Weld,FANUC M-20iA,True,True,70.82
T008,2024-07-01 09:00:58,1,15.32,15.56,0.87,0.95,0.9,5.69,0.25,15.19,0.88,24.16,Edge-03,12.62,Light,Place,FANUC M-20iA,True,True,15.32
T010,2024-07-01 09:00:59,1,38.71,38.5,0.9,0.96,1.11,5.07,0.26,38.15,0.89,24.37,Edge-02,12.51,Heavy,Weld,FANUC M-20iA,True,True,38.71
T008,2024-07-01 09:01:00,2,28.58,28.46,0.63,0.67,1.43,5.44,0.15,28.92,0.64,24.05,Edge-01,12.67,Light,Inspect,KUKA KR10,True,True,28.58
T010,2024-07-01 09:01:01,3,81.51,81.3,0.83,0.81,0.97,5.62,0.22,81.53,0.82,24.41,Edge-01,14.38,Light,Pick,KUKA KR10,True,True,81.51
T007,2024-07-01 09:01:02,1,37.37,38.01,0.32,0.3,0.96,5.58,0.39,37.78,0.33,23.13,Edge-02,11.73,Light,Weld,FANUC M-20iA,True,True,37.37
T007,2024-07-01 09:01:03,5,24.53,25.47,0.93,0.84,1.12,5.92,0.45,24.61,0.91,23.76,Edge-03,13.06,Light,Inspect,IRB6700,True,True,24.53
T006,2024-07-01 09:01:04,5,11.45,12.34,0.94,0.97,1.3,4.73,0.49,11.85,0.97,24.84,Edge-01,14.63,Light,Pick,FANUC M-20iA,True,True,11.45
T007,2024-07-01 09:01:05,5,46.07,45.81,0.29,0.29,1.21,5.1,0.41,46.02,0.28,24.51,Edge-02,10.02,Heavy,Inspect,FANUC M-20iA,True,True,46.07
T007,2024-07-01 09:01:06,6,36.68,37.11,0.94,0.82,1.04,5.02,0.27,37.18,0.93,22.85,Edge-03,10.88,Heavy,Place,FANUC M-20iA,True,True,36.68
T006,2024-07-01 09:01:07,5,49.87,49.12,0.54,0.53,1.21,5.45,0.37,49.79,0.52,22.71,Edge-02,14.98,Heavy,Place,IRB6700,True,True,49.87
T009,2024-07-01 09:01:08,2,50.18,49.84,0.8,0.81,0.95,5.85,0.24,50.02,0.8,23.91,Edge-03,10.33,Heavy,Place,IRB6700,True,True,50.18
T008,2024-07-01 09:01:09,6,72.04,71.77,0.56,0.43,1.08,5.34,0.41,71.94,0.55,24.65,Edge-02,14.73,Light,Weld,FANUC M-20iA,True,True,72.04
T008,2024-07-01 09:01:10,4,39.86,40.28,0.53,0.46,0.82,4.73,0.39,40.24,0.54,22.55,Edge-02,10.52,Heavy,Weld,FANUC M-20iA,True,True,39.86
T010,2024-07-01 09:01:11,3,73.99,73.43,0.34,0.28,0.87,4.86,0.37,74.2,0.35,24.58,Edge-03,11.99,Light,Weld,KUKA KR10,True,True,73.99
T003,2024-07-01 09:01:12,2,63.45,63.12,0.92,0.87,0.81,4.63,0.33,63.07,0.94,24.54,Edge-02,11.71,Light,Weld,KUKA KR10,True,True,63.45
T009,2024-07-01 09:01:13,3,30.75,30.66,0.5,0.42,1.24,5.11,0.36,30.13,0.53,23.24,Edge-02,14.74,Heavy,Pick,IRB6700,True,True,30.75
T001,2024-07-01 09:01:14,4,71.09,71.58,0.84,0.84,1.1,4.53,0.33,70.58,0.81,22.85,Edge-03,14.17,Light,Place,FANUC M-20iA,True,True,71.09
T007,2024-07-01 09:01:15,4,88.75,89.12,0.62,0.59,0.81,5.87,0.22,88.81,0.6,23.19,Edge-02,12.77,Heavy,Pick,FANUC M-20iA,True,True,88.75
T002,2024-07-01 09:01:16,6,62.11,61.88,0.21,0.24,0.9,5.85,0.33,62.4,0.24,22.94,Edge-03,14.57,Light,Inspect,FANUC M-20iA,True,True,62.11
T001,2024-07-01 09:01:17,4,43.5,44.01,0.51,0.48,0.92,5.61,0.3,43.56,0.49,23.11,Edge-02,11.95,Heavy,Place,IRB6700,True,True,43.5
T007,2024-07-01 09:01:18,1,33.1,33.77,0.44,0.4,1.2,5.21,0.35,33.16,0.42,22.58,Edge-03,11.31,Heavy,Place,IRB6700,True,True,33.1
T001,2024-07-01 09:01:19,2,57.61,57.96,0.24,0.37,1.03,5.66,0.29,57.6,0.28,24.22,Edge-02,12.17,Heavy,Inspect,IRB6700,True,True,57.61
T005,2024-07-01 09:01:20,3,29.71,29.96,0.76,0.79,0.99,5.39,0.23,29.64,0.76,22.96,Edge-01,12.71,Light,Place,FANUC M-20iA,True,True,29.71
T003,2024-07-01 09:01:21,3,79.84,80.15,0.79,0.82,1.28,5.77,0.41,79.82,0.76,23.05,Edge-02,14.94,Light,Weld,IRB6700,True,True,79.84
T003,2024-07-01 09:01:22,5,85.52,85.93,0.23,0.24,1.29,4.95,0.3,85.72,0.23,23.3,Edge-01,14.14,Heavy,Pick,FANUC M-20iA,True,True,85.52
T003,2024-07-01 09:01:23,1,12.96,12.97,0.68,0.66,0.85,5.54,0.27,13.34,0.66,22.66,Edge-02,11.58,Light,Place,KUKA KR10,True,True,12.96
T001,2024-07-01 09:01:24,5,53.16,52.83,0.7,0.75,1.42,5.42,0.31,53.48,0.69,23.7,Edge-01,13.14,Light,Place,KUKA KR10,True,True,53.16
T006,2024-07-01 09:01:25,3,79.89,80.59,0.99,0.97,1.09,5.61,0.45,79.76,0.98,23.39,Edge-01,11.44,Heavy,Pick,KUKA KR10,True,True,79.89
T008,2024-07-01 09:01:26,1,33.7,32.73,0.74,0.68,0.95,5.92,0.4,33.64,0.74,24.03,Edge-03,10.84,Heavy,Place,IRB6700,True,True,33.7
T007,2024-07-01 09:01:27,3,89.29,89.63,0.39,0.4,1.23,5.27,0.35,89.1,0.38,23.05,Edge-01,10.93,Heavy,Inspect,FANUC M-20iA,True,True,89.29
T008,2024-07-01 09:01:28,3,72.37,72.12,0.98,0.97,1.42,5.89,0.44,72.2,0.96,24.54,Edge-01,11.12,Light,Weld,FANUC M-20iA,True,True,72.37
T005,2024-07-01 09:01:29,4,27.91,28.15,0.63,0.71,0.86,5.82,0.48,27.73,0.62,24.72,Edge-01,14.78,Heavy,Pick,KUKA KR10,True,True,27.91
T004,2024-07-01 09:01:30,2,78.97,79.24,0.64,0.69,0.86,5.11,0.16,78.75,0.64,22.7,Edge-01,11.1,Heavy,Inspect,IRB6700,True,True,78.97
T001,2024-07-01 09:01:31,2,64.66,65.56,0.26,0.26,1.14,5.39,0.42,64.51,0.28,24.2,Edge-01,12.83,Light,Weld,KUKA KR10,True,True,64.66
T010,2024-07-01 09:01:32,3,31.36,31.48,0.73,0.75,1.4,5.8,0.38,31.51,0.75,24.05,Edge-02,13.76,Light,Place,IRB6700,True,True,31.36
T005,2024-07-01 09:01:33,3,22.69,23.27,0.9,0.89,1.03,5.62,0.31,22.8,0.89,24.58,Edge-01,12.54,Heavy,Pick,IRB6700,True,True,22.69
T008,2024-07-01 09:01:34,1,10.51,10.92,0.98,0.91,1.24,4.89,0.36,11.16,0.97,24.4,Edge-01,12.71,Light,Pick,KUKA KR10,True,True,10.51
T007,2024-07-01 09:01:35,4,87.04,87.15,0.47,0.5,0.87,5.91,0.32,86.91,0.47,23.25,Edge-03,13.54,Light,Inspect,KUKA KR10,True,True,87.04
T009,2024-07-01 09:01:36,5,15.39,14.49,0.7,0.75,0.83,5.81,0.24,15.5,0.73,24.21,Edge-03,12.23,Heavy,Weld,KUKA KR10,True,True,15.39
T010,2024-07-01 09:01:37,3,31.89,31.86,1.0,0.93,0.91,5.69,0.08,31.58,1.01,22.71,Edge-01,13.4,Light,Pick,KUKA KR10,True,True,31.89
T007,2024-07-01 09:01:38,3,62.36,62.25,0.95,0.89,1.09,5.46,0.15,62.15,0.95,24.74,Edge-02,11.15,Light,Pick,IRB6700,True,True,62.36
T008,2024-07-01 09:01:39,3,27.05,27.17,0.22,0.16,1.41,5.21,0.44,27.15,0.23,24.43,Edge-02,14.22,Light,Weld,KUKA KR10,True,True,27.05
T001,2024-07-01 09:01:40,2,70.88,70.41,0.23,0.25,1.44,5.42,0.29,71.31,0.22,23.0,Edge-02,12.46,Heavy,Weld,FANUC M-20iA,True,True,70.88
T002,2024-07-01 09:01:41,6,15.14,16.04,0.67,0.71,1.02,5.18,0.23,15.0,0.62,24.0,Edge-02,11.46,Heavy,Place,IRB6700,True,True,15.14
T002,2024-07-01 09:01:42,2,65.6,65.79,0.23,0.25,1.14,4.66,0.3,65.25,0.26,23.9,Edge-01,10.05,Light,Weld,IRB6700,True,True,65.6
T001,2024-07-01 09:01:43,2,36.12,36.56,0.61,0.6,0.82,4.62,0.23,35.82,0.6,23.92,Edge-03,13.45,Light,Weld,KUKA KR10,True,True,36.12
T004,2024-07-01 09:01:44,1,74.05,73.8,0.28,0.26,1.25,5.56,0.31,73.86,0.29,24.29,Edge-02,14.01,Heavy,Pick,KUKA KR10,True,True,74.05
T007,2024-07-01 09:01:45,2,37.16,37.36,0.85,0.92,1.12,5.47,0.32,37.68,0.85,22.7,Edge-01,10.3,Heavy,Pick,IRB6700,True,True,37.16
T009,2024-07-01 09:01:46,5,29.77,29.25,0.83,0.8,1.26,5.25,0.47,29.9,0.83,23.0,Edge-03,13.4,Light,Pick,IRB6700,True,True,29.77
T006,2024-07-01 09:01:47,5,15.78,15.84,0.22,0.21,1.41,5.59,0.13,15.64,0.25,23.36,Edge-01,11.86,Heavy,Weld,IRB6700,True,True,15.78
T002,2024-07-01 09:01:48,4,89.01,88.23,0.78,0.88,1.14,5.81,0.28,89.28,0.79,24.78,Edge-03,11.05,Light,Weld,FANUC M-20iA,True,True,89.01
T002,2024-07-01 09:01:49,2,59.84,59.05,0.71,0.68,1.3,5.86,0.34,59.67,0.7,24.93,Edge-01,10.9,Light,Inspect,FANUC M-20iA,True,True,59.84
T003,2024-07-01 09:01:50,5,78.35,77.52,0.9,0.9,1.11,5.27,0.41,77.83,0.89,24.92,Edge-01,11.29,Heavy,Pick,IRB6700,True,True,78.35
T009,2024-07-01 09:01:51,5,62.54,61.98,0.46,0.44,1.48,5.18,0.33,62.56,0.43,23.34,Edge-01,14.14,Light,Pick,IRB6700,True,True,62.54
T002,2024-07-01 09:01:52,2,44.47,44.79,0.77,0.7,0.92,4.75,0.27,45.09,0.78,23.96,Edge-03,14.34,Light,Inspect,FANUC M-20iA,True,True,44.47
T004,2024-07-01 09:01:53,6,26.47,26.69,0.29,0.29,1.17,5.9,0.3,26.69,0.29,23.29,Edge-02,12.54,Heavy,Pick,IRB6700,True,True,26.47
T008,2024-07-01 09:01:54,1,13.33,13.4,0.89,0.91,1.12,5.27,0.51,13.29,0.91,23.0,Edge-02,13.37,Light,Inspect,KUKA KR10,True,True,13.33
T006,2024-07-01 09:01:55,5,87.59,87.07,0.28,0.25,1.41,4.77,0.49,87.85,0.29,24.86,Edge-01,13.42,Heavy,Place,IRB6700,True,True,87.59
T001,2024-07-01 09:01:56,5,49.77,50.25,0.66,0.68,0.82,5.9,0.41,50.13,0.67,23.48,Edge-02,13.26,Heavy,Inspect,FANUC M-20iA,True,True,49.77
T008,2024-07-01 09:01:57,1,18.53,17.96,0.73,0.73,1.41,5.67,0.33,19.01,0.74,24.7,Edge-01,12.02,Heavy,Inspect,FANUC M-20iA,True,True,18.53
T001,2024-07-01 09:01:58,5,36.16,36.68,0.81,0.84,1.36,5.15,0.28,36.2,0.81,23.31,Edge-02,11.83,Heavy,Inspect,KUKA KR10,True,True,36.16
T001,2024-07-01 09:01:59,6,41.69,41.7,0.76,0.71,0.97,5.06,0.08,42.18,0.78,24.05,Edge-02,12.32,Heavy,Place,KUKA KR10,True,True,41.69
T007,2024-07-01 09:02:00,5,40.38,40.41,0.58,0.64,0.82,5.01,0.16,39.89,0.6,24.02,Edge-03,13.82,Heavy,Place,KUKA KR10,True,True,40.38
T003,2024-07-01 09:02:01,1,75.04,76.26,0.77,0.81,0.97,5.89,0.33,74.81,0.76,23.71,Edge-02,11.28,Heavy,Inspect,FANUC M-20iA,True,True,75.04
T004,2024-07-01 09:02:02,4,32.79,33.28,0.63,0.6,1.02,5.42,0.2,33.07,0.61,22.95,Edge-02,13.41,Light,Weld,IRB6700,True,True,32.79
T001,2024-07-01 09:02:03,4,24.52,24.41,0.62,0.59,1.2,4.88,0.33,24.51,0.63,24.51,Edge-02,12.75,Light,Pick,KUKA KR10,True,True,24.52
T006,2024-07-01 09:02:04,1,13.47,13.71,0.68,0.69,1.37,5.83,0.23,13.27,0.65,24.6,Edge-02,14.5,Heavy,Place,FANUC M-20iA,True,True,13.47
T007,2024-07-01 09:02:05,3,38.27,39.14,0.39,0.35,1.38,5.14,0.39,38.07,0.4,24.06,Edge-01,12.26,Heavy,Weld,IRB6700,True,True,38.27
T010,2024-07-01 09:02:06,2,56.93,57.19,0.89,0.85,0.95,4.64,0.3,56.89,0.91,23.08,Edge-02,11.95,Light,Pick,FANUC M-20iA,True,True,56.93
T001,2024-07-01 09:02:07,6,57.56,58.67,0.6,0.56,1.1,5.58,0.46,57.73,0.63,23.19,Edge-03,10.4,Heavy,Place,KUKA KR10,True,True,57.56
T002,2024-07-01 09:02:08,5,16.85,16.3,0.48,0.44,0.85,5.28,0.32,16.38,0.49,23.83,Edge-02,11.62,Heavy,Inspect,IRB6700,True,True,16.85
T004,2024-07-01 09:02:09,2,36.64,37.06,0.74,0.82,1.13,4.59,0.34,36.81,0.74,22.94,Edge-02,13.45,Heavy,Pick,KUKA KR10,True,True,36.64
T006,2024-07-01 09:02:10,4,26.07,25.61,0.56,0.56,1.33,5.02,0.41,26.25,0.54,24.98,Edge-01,14.64,Heavy,Pick,KUKA KR10,True,True,26.07
T009,2024-07-01 09:02:11,5,53.2,53.04,0.87,0.99,0.86,5.63,0.34,53.24,0.87,24.46,Edge-01,13.54,Heavy,Inspect,IRB6700,True,True,53.2
T004,2024-07-01 09:02:12,6,12.89,12.35,0.49,0.45,0.86,5.91,0.12,13.04,0.47,24.0,Edge-01,12.58,Heavy,Inspect,FANUC M-20iA,True,True,12.89
T004,2024-07-01 09:02:13,6,83.55,82.47,0.6,0.6,1.07,5.82,0.29,83.63,0.61,24.48,Edge-01,11.52,Light,Place,KUKA KR10,True,True,83.55
T008,2024-07-01 09:02:14,4,16.47,15.88,0.76,0.74,1.04,5.96,0.41,16.61,0.76,24.02,Edge-03,13.82,Heavy,Weld,KUKA KR10,True,True,16.47
T009,2024-07-01 09:02:15,3,23.99,24.4,0.6,0.55,1.06,4.6,0.27,24.01,0.61,24.91,Edge-01,12.16,Heavy,Pick,IRB6700,True,True,23.99
T005,2024-07-01 09:02:16,4,34.95,33.51,0.28,0.29,1.25,4.82,0.45,35.32,0.28,22.65,Edge-01,14.97,Light,Pick,FANUC M-20iA,True,True,34.95
T010,2024-07-01 09:02:17,1,14.62,15.37,0.76,0.73,1.28,4.59,0.27,14.67,0.76,24.53,Edge-02,13.08,Light,Weld,IRB6700,True,True,14.62
T007,2024-07-01 09:02:18,6,34.5,34.75,0.54,0.65,0.89,5.83,0.16,34.43,0.52,24.57,Edge-02,13.67,Heavy,Inspect,IRB6700,True,True,34.5
T003,2024-07-01 09:02:19,3,71.54,70.64,0.21,0.18,0.81,4.89,0.04,71.38,0.22,23.84,Edge-01,11.08,Heavy,Pick,IRB6700,True,True,71.54
T005,2024-07-01 09:02:20,1,10.97,10.47,0.64,0.64,1.12,5.77,0.3,10.69,0.63,24.34,Edge-01,12.38,Heavy,Weld,FANUC M-20iA,True,True,10.97
T007,2024-07-01 09:02:21,5,40.07,39.63,0.52,0.59,1.42,5.93,0.28,39.87,0.54,24.22,Edge-03,12.19,Light,Place,KUKA KR10,True,True,40.07
T004,2024-07-01 09:02:22,3,30.37,30.33,0.71,0.76,1.26,5.84,0.43,30.84,0.71,22.88,Edge-01,13.69,Heavy,Inspect,KUKA KR10,True,True,30.37
T006,2024-07-01 09:02:23,3,50.98,50.6,0.74,0.72,0.85,4.52,0.32,50.58,0.72,23.37,Edge-01,13.87,Heavy,Pick,KUKA KR10,True,True,50.98
T009,2024-07-01 09:02:24,3,62.91,62.68,0.28,0.26,1.26,5.65,0.4,62.68,0.25,23.01,Edge-02,10.61,Heavy,Weld,FANUC M-20iA,True,True,62.91
T006,2024-07-01 09:02:25,4,59.2,59.95,0.82,0.84,0.83,5.95,0.52,59.01,0.84,24.95,Edge-02,13.01,Heavy,Place,FANUC M-20iA,True,True,59.2
T004,2024-07-01 09:02:26,3,56.59,56.96,0.73,0.76,0.89,5.01,0.2,56.0,0.77,24.86,Edge-03,11.2,Light,Pick,IRB6700,True,True,56.59
T009,2024-07-01 09:02:27,5,19.72,19.17,0.36,0.38,1.0,5.72,0.38,19.67,0.37,24.39,Edge-03,12.3,Heavy,Pick,IRB6700,True,True,19.72
T003,2024-07-01 09:02:28,6,77.36,77.8,0.72,0.76,0.92,5.32,0.34,77.16,0.71,23.76,Edge-03,14.2,Light,Place,FANUC M-20iA,True,True,77.36
T007,2024-07-01 09:02:29,2,68.62,68.91,0.63,0.64,1.01,5.35,0.56,68.85,0.64,24.09,Edge-02,13.81,Heavy,Place,FANUC M-20iA,True,True,68.62
T006,2024-07-01 09:02:30,2,22.81,22.68,0.4,0.4,1.31,5.99,0.28,22.55,0.39,23.89,Edge-02,13.67,Light,Inspect,IRB6700,True,True,22.81
T003,2024-07-01 09:02:31,1,59.28,59.57,0.35,0.41,1.19,4.51,0.24,59.04,0.36,24.9,Edge-01,11.84,Heavy,Inspect,KUKA KR10,True,True,59.28
T002,2024-07-01 09:02:32,6,36.15,35.92,0.9,0.86,1.5,5.05,0.47,36.03,0.9,23.48,Edge-02,12.06,Light,Pick,IRB6700,True,True,36.15
T001,2024-07-01 09:02:33,2,65.65,66.12,0.2,0.12,1.36,4.64,0.43,65.48,0.25,24.11,Edge-03,10.32,Heavy,Place,FANUC M-20iA,True,True,65.65
T007,2024-07-01 09:02:34,2,56.4,57.33,0.68,0.77,1.27,5.71,0.38,56.23,0.66,22.65,Edge-02,11.67,Light,Place,KUKA KR10,True,True,56.4
T002,2024-07-01 09:02:35,4,72.79,72.79,0.77,0.77,1.11,4.72,0.45,72.57,0.73,22.72,Edge-01,11.1,Heavy,Place,KUKA KR10,True,True,72.79
T007,2024-07-01 09:02:36,6,57.86,57.95,0.54,0.57,1.25,5.68,0.28,57.57,0.53,23.93,Edge-03,12.94,Light,Place,IRB6700,True,True,57.86
T007,2024-07-01 09:02:37,2,24.76,25.3,0.49,0.5,1.01,5.91,0.12,24.62,0.46,24.68,Edge-03,14.21,Light,Inspect,KUKA KR10,True,True,24.76
T007,2024-07-01 09:02:38,6,24.89,24.79,0.59,0.66,0.89,4.62,0.3,25.42,0.62,24.41,Edge-03,10.79,Heavy,Inspect,FANUC M-20iA,True,True,24.89
T002,2024-07-01 09:02:39,2,58.82,58.59,0.31,0.35,1.47,4.6,0.42,58.79,0.31,23.15,Edge-01,11.23,Heavy,Place,IRB6700,True,True,58.82
T004,2024-07-01 09:02:40,1,82.5,82.08,0.81,0.76,1.11,5.67,0.3,82.28,0.76,23.37,Edge-01,14.5,Heavy,Place,IRB6700,True,True,82.5
T001,2024-07-01 09:02:41,3,11.75,12.19,0.73,0.73,1.46,4.58,0.35,11.28,0.72,24.33,Edge-03,14.91,Light,Place,FANUC M-20iA,True,True,11.75
T002,2024-07-01 09:02:42,4,30.52,29.96,0.65,0.68,1.12,5.96,0.14,30.87,0.64,24.63,Edge-03,12.81,Heavy,Weld,FANUC M-20iA,True,True,30.52
T002,2024-07-01 09:02:43,5,51.87,51.46,0.29,0.31,0.85,5.56,0.37,51.62,0.29,23.65,Edge-03,12.42,Light,Inspect,FANUC M-20iA,True,True,51.87
T006,2024-07-01 09:02:44,3,23.26,23.04,0.53,0.63,1.26,5.32,0.3,23.04,0.53,22.63,Edge-03,13.93,Heavy,Pick,IRB6700,True,True,23.26
T002,2024-07-01 09:02:45,1,26.11,26.8,0.41,0.39,1.33,5.28,0.2,26.21,0.4,24.7,Edge-02,14.35,Light,Pick,IRB6700,True,True,26.11
T006,2024-07-01 09:02:46,2,29.1,29.26,0.82,0.82,0.82,4.6,0.39,29.08,0.82,22.76,Edge-02,13.28,Light,Inspect,IRB6700,True,True,29.1
T007,2024-07-01 09:02:47,2,75.77,77.37,0.5,0.51,1.0,5.69,0.16,76.33,0.52,24.49,Edge-01,11.98,Light,Inspect,KUKA KR10,True,True,75.77
T002,2024-07-01 09:02:48,5,83.21,82.6,0.76,0.77,1.36,4.98,0.27,83.09,0.74,23.6,Edge-01,13.08,Light,Pick,IRB6700,True,True,83.21
T001,2024-07-01 09:02:49,1,16.68,16.89,0.91,0.91,1.48,5.13,0.44,16.36,0.92,24.7,Edge-02,12.14,Light,Weld,KUKA KR10,True,True,16.68
T001,2024-07-01 09:02:50,4,22.98,23.0,0.62,0.61,1.3,5.84,0.32,22.87,0.63,24.55,Edge-02,12.7,Heavy,Pick,IRB6700,True,True,22.98
T007,2024-07-01 09:02:51,2,66.82,66.67,0.45,0.52,1.12,5.04,0.29,67.21,0.45,23.34,Edge-02,10.87,Light,Inspect,FANUC M-20iA,True,True,66.82
T002,2024-07-01 09:02:52,2,66.96,66.68,0.48,0.46,1.12,5.62,0.42,67.42,0.5,23.68,Edge-01,14.9,Light,Place,KUKA KR10,True,True,66.96
T009,2024-07-01 09:02:53,1,60.73,60.51,0.3,0.24,1.28,4.6,0.42,60.81,0.29,23.07,Edge-02,14.19,Heavy,Place,FANUC M-20iA,True,True,60.73
T010,2024-07-01 09:02:54,1,32.34,33.03,0.61,0.66,1.01,4.82,0.35,32.39,0.62,24.47,Edge-01,13.32,Heavy,Pick,FANUC M-20iA,True,True,32.34
T010,2024-07-01 09:02:55,2,30.82,31.06,0.93,0.96,0.88,5.17,0.49,31.15,0.93,23.87,Edge-03,11.9,Light,Pick,IRB6700,True,True,30.82
T007,2024-07-01 09:02:56,3,88.14,88.05,0.23,0.18,1.32,5.88,0.37,88.01,0.24,24.38,Edge-02,14.02,Heavy,Pick,KUKA KR10,True,True,88.14
T009,2024-07-01 09:02:57,2,11.44,11.31,0.97,0.92,1.38,4.92,0.41,11.55,1.01,22.74,Edge-01,11.21,Heavy,Place,KUKA KR10,True,True,11.44
T002,2024-07-01 09:02:58,6,10.99,10.05,0.68,0.67,1.01,4.95,0.4,11.5,0.68,24.49,Edge-03,10.17,Light,Inspect,FANUC M-20iA,True,True,10.99
T007,2024-07-01 09:02:59,4,56.62,56.54,1.0,1.0,0.84,5.75,0.42,56.34,1.0,22.73,Edge-02,14.55,Heavy,Place,KUKA KR10,True,True,56.62
T006,2024-07-01 09:03:00,2,63.54,63.87,0.54,0.67,1.02,5.15,0.35,63.95,0.54,24.02,Edge-03,13.16,Light,Pick,FANUC M-20iA,True,True,63.54
T008,2024-07-01 09:03:01,1,57.34,57.82,0.76,0.76,0.87,5.08,0.14,57.99,0.76,24.88,Edge-03,13.0,Light,Inspect,IRB6700,True,True,57.34
T004,2024-07-01 09:03:02,5,69.49,70.64,0.26,0.27,0.98,5.04,0.24,69.48,0.25,24.93,Edge-02,11.66,Heavy,Weld,KUKA KR10,True,True,69.49
T003,2024-07-01 09:03:03,1,48.56,48.21,0.36,0.28,0.94,5.27,0.38,48.47,0.34,24.51,Edge-02,12.86,Light,Place,FANUC M-20iA,True,True,48.56
T002,2024-07-01 09:03:04,3,51.01,51.2,0.52,0.51,0.86,5.43,0.27,50.77,0.54,23.73,Edge-01,13.51,Heavy,Inspect,FANUC M-20iA,True,True,51.01
T010,2024-07-01 09:03:05,1,89.43,89.44,0.31,0.27,1.1,5.12,0.15,89.51,0.32,24.02,Edge-03,11.55,Heavy,Inspect,IRB6700,True,True,89.43
T005,2024-07-01 09:03:06,6,75.9,75.97,0.75,0.72,0.88,5.08,0.08,75.68,0.75,24.38,Edge-02,10.36,Heavy,Weld,FANUC M-20iA,True,True,75.9
T003,2024-07-01 09:03:07,2,16.41,15.92,0.48,0.49,1.28,5.04,0.34,16.38,0.48,24.09,Edge-01,14.57,Light,Place,KUKA KR10,True,True,16.41
T004,2024-07-01 09:03:08,2,59.01,59.2,0.3,0.33,1.43,4.6,0.19,59.04,0.3,23.24,Edge-03,12.43,Heavy,Pick,IRB6700,True,True,59.01
T003,2024-07-01 09:03:09,3,56.18,56.08,0.23,0.24,1.04,5.59,0.2,56.47,0.24,24.23,Edge-01,12.15,Light,Weld,FANUC M-20iA,True,True,56.18
T003,2024-07-01 09:03:10,5,63.84,63.37,0.83,0.78,1.11,5.7,0.33,63.92,0.83,23.3,Edge-01,12.91,Heavy,Inspect,FANUC M-20iA,True,True,63.84
T010,2024-07-01 09:03:11,4,39.69,40.1,0.68,0.73,1.06,4.75,0.41,39.36,0.68,24.73,Edge-03,11.73,Light,Inspect,FANUC M-20iA,True,True,39.69
T001,2024-07-01 09:03:12,2,22.36,22.38,0.71,0.7,1.04,4.61,0.13,22.12,0.73,23.41,Edge-03,11.09,Light,Weld,KUKA KR10,True,True,22.36
T008,2024-07-01 09:03:13,2,89.04,89.85,0.56,0.52,1.14,4.54,0.34,89.2,0.56,23.46,Edge-01,10.19,Heavy,Weld,IRB6700,True,True,89.04
T007,2024-07-01 09:03:14,5,12.48,11.93,0.22,0.2,1.33,5.19,0.36,12.39,0.23,24.01,Edge-02,14.13,Heavy,Place,IRB6700,True,True,12.48
T001,2024-07-01 09:03:15,1,88.72,88.55,0.43,0.42,1.07,5.01,0.34,88.36,0.43,23.88,Edge-01,12.71,Heavy,Weld,KUKA KR10,True,True,88.72
T003,2024-07-01 09:03:16,6,70.95,70.84,0.44,0.5,0.98,4.79,0.28,70.81,0.4,23.95,Edge-03,10.7,Heavy,Weld,IRB6700,True,True,70.95
T009,2024-07-01 09:03:17,3,45.52,45.89,0.7,0.57,1.5,5.82,0.27,45.85,0.74,24.05,Edge-02,11.01,Light,Inspect,FANUC M-20iA,True,True,45.52
T002,2024-07-01 09:03:18,1,41.61,41.59,0.63,0.6,0.96,5.95,0.33,41.75,0.65,22.83,Edge-03,13.95,Heavy,Place,FANUC M-20iA,True,True,41.61
T010,2024-07-01 09:03:19,1,19.99,20.04,0.84,0.87,1.46,4.72,0.26,20.1,0.84,23.71,Edge-01,14.32,Heavy,Inspect,FANUC M-20iA,True,True,19.99
T005,2024-07-01 09:03:20,2,57.1,56.38,0.36,0.32,1.33,5.08,0.09,58.04,0.38,24.95,Edge-03,12.04,Light,Place,KUKA KR10,True,True,57.1
T003,2024-07-01 09:03:21,1,76.2,76.31,0.81,0.84,0.94,4.66,0.31,76.14,0.83,24.62,Edge-01,14.47,Light,Pick,FANUC M-20iA,True,True,76.2
T007,2024-07-01 09:03:22,3,15.0,14.93,0.61,0.66,1.24,5.89,0.3,14.88,0.63,24.23,Edge-03,10.67,Heavy,Weld,IRB6700,True,True,15.0
T004,2024-07-01 09:03:23,6,33.95,34.42,0.49,0.46,0.95,5.94,0.39,34.24,0.5,23.24,Edge-01,10.07,Heavy,Weld,KUKA KR10,True,True,33.95
T003,2024-07-01 09:03:24,1,69.03,69.29,0.31,0.35,1.33,5.65,0.42,69.24,0.32,22.72,Edge-01,12.44,Light,Weld,FANUC M-20iA,True,True,69.03
T006,2024-07-01 09:03:25,3,16.21,16.75,0.53,0.5,1.04,4.67,0.29,15.64,0.53,22.69,Edge-03,12.5,Light,Pick,FANUC M-20iA,True,True,16.21
T009,2024-07-01 09:03:26,3,73.56,73.47,0.26,0.26,1.08,4.94,0.22,73.28,0.28,23.3,Edge-02,12.38,Heavy,Weld,IRB6700,True,True,73.56
T005,2024-07-01 09:03:27,5,28.08,27.98,0.71,0.71,1.05,5.47,0.33,27.17,0.71,23.96,Edge-02,13.12,Light,Inspect,KUKA KR10,True,True,28.08
T001,2024-07-01 09:03:28,6,15.74,15.19,0.77,0.81,1.38,5.71,0.41,16.57,0.78,23.18,Edge-02,12.48,Light,Place,IRB6700,True,True,15.74
T002,2024-07-01 09:03:29,4,32.74,32.49,0.31,0.28,1.32,4.98,0.32,32.74,0.31,22.62,Edge-02,11.38,Heavy,Pick,FANUC M-20iA,True,True,32.74
T007,2024-07-01 09:03:30,2,66.56,66.13,0.28,0.34,1.05,4.91,0.25,66.82,0.29,23.58,Edge-03,14.55,Light,Place,KUKA KR10,True,True,66.56
T008,2024-07-01 09:03:31,6,40.19,40.29,0.97,0.98,1.15,5.08,0.24,40.62,0.99,22.51,Edge-02,10.83,Light,Inspect,FANUC M-20iA,True,True,40.19
T002,2024-07-01 09:03:32,2,67.04,67.14,0.81,0.81,1.47,5.55,0.24,66.95,0.82,22.62,Edge-02,11.8,Light,Pick,FANUC M-20iA,True,True,67.04
T003,2024-07-01 09:03:33,1,86.54,87.14,0.6,0.53,0.95,5.05,0.07,86.39,0.6,24.42,Edge-03,12.08,Heavy,Pick,FANUC M-20iA,True,True,86.54
T010,2024-07-01 09:03:34,3,75.77,75.57,0.73,0.75,1.13,5.82,0.37,75.45,0.7,22.84,Edge-02,13.26,Heavy,Weld,IRB6700,True,True,75.77
T006,2024-07-01 09:03:35,3,69.09,69.5,0.45,0.39,1.3,4.8,0.46,68.99,0.46,23.42,Edge-01,10.29,Light,Place,IRB6700,True,True,69.09
T006,2024-07-01 09:03:36,6,18.92,18.05,0.87,0.88,0.81,5.07,0.28,18.62,0.82,23.83,Edge-01,12.98,Heavy,Pick,IRB6700,True,True,18.92
T004,2024-07-01 09:03:37,4,10.79,10.69,0.57,0.57,1.27,4.97,0.35,11.0,0.58,23.8,Edge-02,14.88,Heavy,Pick,FANUC M-20iA,True,True,10.79
T007,2024-07-01 09:03:38,6,20.04,19.92,0.41,0.42,0.81,4.94,0.31,20.5,0.39,22.5,Edge-02,11.5,Light,Pick,KUKA KR10,True,True,20.04
T004,2024-07-01 09:03:39,3,61.72,60.99,0.98,0.99,1.35,5.19,0.32,61.24,0.96,22.66,Edge-03,11.14,Light,Pick,KUKA KR10,True,True,61.72
T001,2024-07-01 09:03:40,1,29.73,30.57,0.58,0.57,0.84,5.94,0.3,29.8,0.55,22.99,Edge-01,10.7,Light,Pick,FANUC M-20iA,True,True,29.73
T001,2024-07-01 09:03:41,3,59.79,59.48,0.83,0.77,1.37,5.45,0.32,60.26,0.81,23.15,Edge-03,11.73,Heavy,Pick,FANUC M-20iA,True,True,59.79
T009,2024-07-01 09:03:42,4,83.4,83.27,0.91,0.82,1.3,4.59,0.22,84.03,0.88,23.75,Edge-02,13.4,Light,Inspect,KUKA KR10,True,True,83.4
T009,2024-07-01 09:03:43,5,16.1,16.19,0.42,0.41,1.18,5.15,0.44,15.67,0.41,22.62,Edge-03,14.22,Heavy,Inspect,KUKA KR10,True,True,16.1
T009,2024-07-01 09:03:44,4,88.5,88.72,0.39,0.41,1.47,4.8,0.14,88.64,0.43,22.68,Edge-02,13.11,Heavy,Weld,IRB6700,True,True,88.5
T001,2024-07-01 09:03:45,2,88.49,87.81,0.35,0.37,1.33,4.74,0.3,89.03,0.35,23.12,Edge-02,13.2,Heavy,Pick,IRB6700,True,True,88.49
T004,2024-07-01 09:03:46,4,63.33,63.45,0.82,0.76,1.15,4.52,0.17,63.51,0.84,24.32,Edge-01,10.48,Heavy,Weld,IRB6700,True,True,63.33
T009,2024-07-01 09:03:47,2,44.3,44.07,0.22,0.32,0.88,4.93,0.28,44.52,0.22,24.98,Edge-03,10.22,Heavy,Inspect,KUKA KR10,True,True,44.3
T002,2024-07-01 09:03:48,2,70.88,70.21,0.8,0.72,1.44,5.93,0.11,71.18,0.79,23.91,Edge-01,11.79,Heavy,Inspect,FANUC M-20iA,True,True,70.88
T009,2024-07-01 09:03:49,3,62.53,62.93,0.39,0.39,0.95,4.56,0.2,62.41,0.4,24.88,Edge-02,12.91,Heavy,Place,KUKA KR10,True,True,62.53
T003,2024-07-01 09:03:50,4,44.93,45.2,0.81,0.94,1.0,5.03,0.28,45.21,0.81,23.74,Edge-03,11.02,Light,Pick,KUKA KR10,True,True,44.93
T002,2024-07-01 09:03:51,6,57.29,58.05,0.35,0.39,0.94,4.61,0.26,56.51,0.35,24.53,Edge-02,14.18,Heavy,Inspect,KUKA KR10,True,True,57.29
T006,2024-07-01 09:03:52,3,36.58,37.1,0.72,0.76,0.91,5.81,0.12,36.68,0.71,22.82,Edge-02,13.83,Heavy,Place,FANUC M-20iA,True,True,36.58
T010,2024-07-01 09:03:53,6,10.0,9.96,0.53,0.5,1.48,4.84,0.3,9.67,0.51,23.08,Edge-02,10.01,Heavy,Place,FANUC M-20iA,True,True,10.0
T009,2024-07-01 09:03:54,3,68.35,68.96,0.88,0.92,1.1,4.95,0.42,68.06,0.87,23.43,Edge-03,14.51,Light,Weld,KUKA KR10,True,True,68.35
T006,2024-07-01 09:03:55,5,74.54,74.77,0.99,0.96,1.21,5.49,0.44,74.57,0.97,24.27,Edge-02,10.84,Heavy,Weld,KUKA KR10,True,True,74.54
T002,2024-07-01 09:03:56,1,72.45,72.73,0.23,0.24,0.99,5.4,0.41,72.15,0.22,23.78,Edge-02,12.54,Light,Place,FANUC M-20iA,True,True,72.45
T002,2024-07-01 09:03:57,2,39.54,39.67,0.95,0.98,1.3,5.19,0.39,39.61,0.96,24.32,Edge-03,14.31,Light,Weld,KUKA KR10,True,True,39.54
T009,2024-07-01 09:03:58,2,31.93,31.66,0.48,0.51,1.03,5.97,0.34,32.16,0.49,24.87,Edge-02,12.48,Light,Place,KUKA KR10,True,True,31.93
T003,2024-07-01 09:03:59,3,40.44,41.28,0.33,0.36,1.07,4.54,0.38,39.98,0.32,24.26,Edge-03,14.09,Heavy,Place,KUKA KR10,True,True,40.44
T006,2024-07-01 09:04:00,3,53.71,54.62,0.89,0.89,0.93,5.7,0.08,54.04,0.88,23.23,Edge-01,14.36,Heavy,Weld,IRB6700,True,True,53.71
T005,2024-07-01 09:04:01,6,63.82,63.39,0.84,0.87,1.2,5.75,0.16,63.71,0.84,23.87,Edge-02,11.44,Heavy,Inspect,IRB6700,True,True,63.82
T001,2024-07-01 09:04:02,1,34.54,35.16,0.47,0.39,1.31,5.11,0.25,34.03,0.45,22.64,Edge-03,11.87,Light,Pick,KUKA KR10,True,True,34.54
T002,2024-07-01 09:04:03,2,85.56,86.18,0.71,0.77,0.94,5.13,0.44,85.44,0.72,23.19,Edge-02,11.38,Heavy,Place,FANUC M-20iA,True,True,85.56
T002,2024-07-01 09:04:04,4,44.56,43.9,0.98,0.98,0.88,5.11,0.39,44.87,0.94,23.49,Edge-03,11.32,Light,Weld,IRB6700,True,True,44.56
T009,2024-07-01 09:04:05,1,26.43,25.97,0.59,0.54,1.26,5.95,0.2,26.21,0.59,22.69,Edge-01,14.76,Light,Inspect,FANUC M-20iA,True,True,26.43
T004,2024-07-01 09:04:06,4,33.78,33.88,0.7,0.66,1.25,4.9,0.38,33.44,0.72,23.28,Edge-03,11.36,Light,Pick,FANUC M-20iA,True,True,33.78
T002,2024-07-01 09:04:07,1,57.81,58.58,0.89,0.92,0.94,5.38,0.33,58.12,0.91,23.52,Edge-02,10.08,Heavy,Inspect,IRB6700,True,True,57.81
T001,2024-07-01 09:04:08,5,56.63,56.47,0.97,0.89,1.08,5.76,0.36,56.32,0.97,22.73,Edge-02,13.74,Light,Pick,IRB6700,True,True,56.63
T008,2024-07-01 09:04:09,2,83.16,83.07,0.55,0.53,1.31,4.51,0.14,83.68,0.58,24.09,Edge-02,11.21,Heavy,Pick,FANUC M-20iA,True,True,83.16
T005,2024-07-01 09:04:10,2,67.12,67.3,0.21,0.24,0.97,4.82,0.21,66.87,0.21,24.33,Edge-02,13.03,Light,Place,KUKA KR10,True,True,67.12
T001,2024-07-01 09:04:11,4,63.83,63.47,0.26,0.28,1.45,5.32,0.35,63.97,0.24,24.36,Edge-01,13.69,Heavy,Inspect,FANUC M-20iA,True,True,63.83
T006,2024-07-01 09:04:12,2,51.72,51.63,0.94,0.91,1.21,5.31,0.22,51.31,0.95,24.47,Edge-01,12.27,Light,Weld,FANUC M-20iA,True,True,51.72
T010,2024-07-01 09:04:13,1,60.42,60.78,0.4,0.37,1.11,5.47,0.47,60.26,0.42,23.61,Edge-03,10.11,Heavy,Weld,FANUC M-20iA,True,True,60.42
T008,2024-07-01 09:04:14,2,34.08,33.73,0.59,0.59,1.45,4.66,0.25,34.51,0.56,22.9,Edge-01,10.8,Heavy,Place,FANUC M-20iA,True,True,34.08
T002,2024-07-01 09:04:15,3,15.64,16.05,0.35,0.39,1.37,5.53,0.33,15.54,0.34,23.27,Edge-02,11.25,Heavy,Inspect,FANUC M-20iA,True,True,15.64
T003,2024-07-01 09:04:16,4,51.2,50.13,0.48,0.51,1.38,5.68,0.35,51.12,0.48,23.39,Edge-03,12.53,Heavy,Weld,KUKA KR10,True,True,51.2
T003,2024-07-01 09:04:17,1,85.29,85.45,0.9,0.89,1.19,5.25,0.21,85.4,0.89,24.19,Edge-02,14.19,Heavy,Weld,FANUC M-20iA,True,True,85.29
T003,2024-07-01 09:04:18,5,78.7,78.51,0.69,0.77,0.91,5.51,0.36,78.42,0.68,22.91,Edge-01,10.01,Heavy,Inspect,IRB6700,True,True,78.7
T002,2024-07-01 09:04:19,4,67.5,67.35,0.79,0.73,0.86,4.53,0.31,67.29,0.76,22.76,Edge-03,11.11,Heavy,Place,IRB6700,True,True,67.5
T007,2024-07-01 09:04:20,6,51.54,50.83,0.25,0.28,1.07,4.85,0.4,52.17,0.22,23.85,Edge-02,13.48,Light,Weld,FANUC M-20iA,True,True,51.54
T005,2024-07-01 09:04:21,3,66.17,65.23,0.34,0.21,1.41,5.45,0.3,65.87,0.34,24.01,Edge-01,10.59,Light,Inspect,IRB6700,True,True,66.17
T008,2024-07-01 09:04:22,4,36.98,37.2,0.37,0.33,1.07,5.84,0.3,36.55,0.36,24.48,Edge-01,10.35,Heavy,Weld,IRB6700,True,True,36.98
T010,2024-07-01 09:04:23,2,47.94,47.91,0.65,0.72,0.98,4.51,0.4,48.02,0.69,24.59,Edge-02,14.11,Light,Inspect,KUKA KR10,True,True,47.94
T003,2024-07-01 09:04:24,2,77.47,76.43,0.83,0.82,1.12,4.78,0.22,77.45,0.85,24.75,Edge-02,11.02,Heavy,Pick,KUKA KR10,True,True,77.47
T009,2024-07-01 09:04:25,3,15.36,15.13,0.9,0.94,1.48,4.6,0.08,15.18,0.9,23.44,Edge-01,14.02,Heavy,Weld,FANUC M-20iA,True,True,15.36
T006,2024-07-01 09:04:26,2,44.68,44.14,0.48,0.45,1.06,4.6,0.24,44.02,0.5,24.27,Edge-03,10.04,Light,Place,IRB6700,True,True,44.68
T009,2024-07-01 09:04:27,1,27.41,28.05,0.73,0.72,1.36,5.66,0.3,27.19,0.73,24.42,Edge-03,12.92,Light,Inspect,IRB6700,True,True,27.41
T006,2024-07-01 09:04:28,3,72.56,72.94,0.61,0.64,0.9,5.51,0.44,72.77,0.6,24.73,Edge-03,13.75,Heavy,Pick,FANUC M-20iA,True,True,72.56
T008,2024-07-01 09:04:29,4,82.66,82.42,0.81,0.89,1.42,5.37,0.41,82.35,0.82,23.68,Edge-03,13.58,Heavy,Weld,KUKA KR10,True,True,82.66
T004,2024-07-01 09:04:30,1,31.68,31.36,0.39,0.34,0.95,5.14,0.3,31.95,0.37,24.55,Edge-03,13.3,Heavy,Inspect,IRB6700,True,True,31.68
T005,2024-07-01 09:04:31,2,73.7,74.46,0.42,0.37,1.46,5.45,0.39,73.35,0.4,22.98,Edge-01,13.47,Light,Weld,IRB6700,True,True,73.7
T003,2024-07-01 09:04:32,6,27.5,26.74,0.73,0.76,1.37,5.67,0.23,27.67,0.74,23.42,Edge-02,12.16,Heavy,Place,FANUC M-20iA,True,True,27.5
T001,2024-07-01 09:04:33,3,12.49,12.22,0.41,0.43,0.83,5.5,0.14,12.69,0.4,24.72,Edge-02,11.63,Light,Place,KUKA KR10,True,True,12.49
T001,2024-07-01 09:04:34,6,82.08,81.85,0.66,0.69,0.85,4.64,0.38,82.26,0.64,22.56,Edge-03,11.8,Light,Pick,KUKA KR10,True,True,82.08
T008,2024-07-01 09:04:35,3,72.7,72.58,0.65,0.7,0.96,4.52,0.17,72.89,0.68,24.41,Edge-01,10.19,Heavy,Place,IRB6700,True,True,72.7
T002,2024-07-01 09:04:36,5,76.97,77.51,0.7,0.8,1.41,5.38,0.31,76.98,0.69,24.27,Edge-03,11.95,Heavy,Pick,IRB6700,True,True,76.97
T004,2024-07-01 09:04:37,1,28.31,29.09,0.68,0.7,0.95,5.99,0.09,28.5,0.7,23.98,Edge-03,10.27,Heavy,Inspect,IRB6700,True,True,28.31
T004,2024-07-01 09:04:38,5,46.38,46.97,0.5,0.56,1.46,4.75,0.5,46.38,0.52,23.19,Edge-01,10.78,Heavy,Place,IRB6700,True,True,46.38
T006,2024-07-01 09:04:39,3,60.88,61.55,0.68,0.71,1.12,5.5,0.21,60.78,0.69,22.55,Edge-03,13.9,Heavy,Weld,FANUC M-20iA,True,True,60.88
T007,2024-07-01 09:04:40,6,58.78,59.2,0.84,0.86,1.47,5.3,0.05,58.69,0.84,23.19,Edge-03,14.61,Heavy,Weld,FANUC M-20iA,True,True,58.78
T002,2024-07-01 09:04:41,3,56.66,56.08,0.67,0.65,0.82,5.14,0.28,56.72,0.65,24.7,Edge-01,14.41,Heavy,Inspect,KUKA KR10,True,True,56.66
T007,2024-07-01 09:04:42,5,62.72,62.93,0.91,0.89,0.94,5.61,0.39,62.53,0.92,24.93,Edge-03,12.33,Heavy,Inspect,FANUC M-20iA,True,True,62.72
T005,2024-07-01 09:04:43,6,77.79,78.2,0.25,0.22,1.48,5.73,0.28,77.73,0.24,22.68,Edge-02,11.05,Light,Place,FANUC M-20iA,True,True,77.79
T003,2024-07-01 09:04:44,2,28.35,27.49,0.28,0.27,0.92,4.72,0.29,28.49,0.3,23.32,Edge-01,11.5,Light,Weld,FANUC M-20iA,True,True,28.35
T009,2024-07-01 09:04:45,4,28.6,28.28,0.3,0.26,1.27,4.59,0.17,28.78,0.29,22.87,Edge-01,11.71,Light,Pick,KUKA KR10,True,True,28.6
T003,2024-07-01 09:04:46,1,79.17,78.21,0.65,0.64,1.36,4.71,0.32,79.98,0.66,23.18,Edge-01,12.44,Heavy,Weld,IRB6700,True,True,79.17
T004,2024-07-01 09:04:47,2,16.58,16.08,0.57,0.62,0.84,5.13,0.25,17.1,0.56,23.94,Edge-02,13.34,Light,Inspect,KUKA KR10,True,True,16.58
T004,2024-07-01 09:04:48,5,72.16,71.95,0.63,0.67,1.39,5.98,0.27,72.41,0.63,24.35,Edge-01,12.46,Light,Place,FANUC M-20iA,True,True,72.16
T001,2024-07-01 09:04:49,2,48.65,47.95,0.87,0.92,1.08,4.99,0.26,49.12,0.86,22.82,Edge-03,10.98,Light,Place,FANUC M-20iA,True,True,48.65
T002,2024-07-01 09:04:50,6,86.12,86.25,0.66,0.6,1.14,5.47,0.33,85.67,0.69,22.85,Edge-02,12.85,Heavy,Weld,FANUC M-20iA,True,True,86.12
T006,2024-07-01 09:04:51,3,24.82,24.24,0.42,0.39,1.38,4.93,0.25,24.49,0.42,23.44,Edge-03,13.99,Light,Inspect,IRB6700,True,True,24.82
T008,2024-07-01 09:04:52,4,39.39,39.45,0.88,0.84,1.36,4.76,0.19,39.59,0.89,23.12,Edge-02,11.32,Heavy,Place,KUKA KR10,True,True,39.39
T001,2024-07-01 09:04:53,4,10.05,9.9,0.9,0.93,1.33,4.73,0.42,9.42,0.89,22.73,Edge-02,12.43,Heavy,Weld,KUKA KR10,True,True,10.05
T004,2024-07-01 09:04:54,6,83.66,83.33,0.93,0.89,1.13,5.2,0.24,83.8,0.88,23.99,Edge-02,15.0,Light,Weld,FANUC M-20iA,True,True,83.66
T009,2024-07-01 09:04:55,3,71.56,71.31,0.52,0.5,0.82,4.81,0.34,71.6,0.48,24.04,Edge-01,14.55,Light,Inspect,FANUC M-20iA,True,True,71.56
T002,2024-07-01 09:04:56,3,50.79,50.46,0.23,0.23,1.19,5.16,0.27,50.88,0.23,23.09,Edge-02,10.25,Light,Inspect,IRB6700,True,True,50.79
T004,2024-07-01 09:04:57,3,67.97,67.76,0.29,0.21,0.92,5.07,0.38,67.83,0.32,24.38,Edge-03,10.63,Light,Place,FANUC M-20iA,True,True,67.97
T005,2024-07-01 09:04:58,6,71.82,72.2,0.65,0.59,1.45,5.08,0.31,72.21,0.64,23.36,Edge-01,10.15,Light,Weld,KUKA KR10,True,True,71.82
T005,2024-07-01 09:04:59,1,86.92,87.29,0.73,0.72,1.23,5.52,0.32,87.18,0.72,24.87,Edge-02,14.42,Light,Weld,IRB6700,True,True,86.92
T003,2024-07-01 09:05:00,6,69.13,68.65,0.97,0.92,0.81,5.57,0.39,69.57,0.96,23.61,Edge-03,11.31,Heavy,Inspect,KUKA KR10,True,True,69.13
T010,2024-07-01 09:05:01,3,37.47,37.36,0.87,0.9,0.84,4.64,0.28,37.57,0.85,22.88,Edge-01,14.84,Light,Pick,IRB6700,True,True,37.47
T006,2024-07-01 09:05:02,4,45.74,44.92,0.58,0.58,1.26,5.63,0.35,46.2,0.56,23.51,Edge-01,14.42,Light,Pick,FANUC M-20iA,True,True,45.74
T005,2024-07-01 09:05:03,3,81.65,82.52,0.93,0.99,0.99,4.79,0.19,81.49,0.91,23.57,Edge-01,14.15,Light,Place,IRB6700,True,True,81.65
T008,2024-07-01 09:05:04,4,19.59,19.7,0.43,0.52,1.14,4.95,0.16,20.19,0.45,23.36,Edge-02,13.67,Light,Pick,FANUC M-20iA,True,True,19.59
T010,2024-07-01 09:05:05,2,62.69,62.74,0.95,0.96,1.26,5.85,0.43,62.19,0.93,22.53,Edge-01,14.13,Heavy,Weld,IRB6700,True,True,62.69
T003,2024-07-01 09:05:06,1,74.08,74.17,0.57,0.52,0.88,5.97,0.45,74.26,0.57,23.83,Edge-01,10.52,Heavy,Place,FANUC M-20iA,True,True,74.08
T005,2024-07-01 09:05:07,2,23.8,23.69,0.65,0.67,1.37,5.98,0.28,23.23,0.63,22.63,Edge-03,10.26,Heavy,Inspect,FANUC M-20iA,True,True,23.8
T007,2024-07-01 09:05:08,6,65.36,64.6,0.69,0.68,0.98,5.37,0.41,65.22,0.69,23.38,Edge-02,11.81,Light,Pick,IRB6700,True,True,65.36
T008,2024-07-01 09:05:09,6,74.46,75.12,0.46,0.38,1.39,4.83,0.02,74.82,0.45,24.56,Edge-03,11.92,Light,Place,FANUC M-20iA,True,True,74.46
T002,2024-07-01 09:05:10,5,46.73,46.94,0.29,0.28,1.45,5.53,0.25,46.74,0.24,22.9,Edge-02,13.28,Light,Place,FANUC M-20iA,True,True,46.73
T004,2024-07-01 09:05:11,3,87.69,87.36,0.65,0.63,1.09,4.67,0.32,87.87,0.65,24.15,Edge-03,10.38,Light,Place,IRB6700,True,True,87.69
T008,2024-07-01 09:05:12,1,38.37,37.28,0.87,0.93,1.37,5.42,0.16,38.16,0.86,23.53,Edge-03,13.38,Light,Pick,KUKA KR10,True,True,38.37
T002,2024-07-01 09:05:13,2,62.65,62.26,0.26,0.2,0.91,5.74,0.26,62.62,0.25,22.92,Edge-02,14.4,Heavy,Inspect,IRB6700,True,True,62.65
T001,2024-07-01 09:05:14,6,54.56,54.57,0.79,0.71,1.47,4.83,0.32,54.77,0.76,24.38,Edge-03,12.66,Light,Pick,KUKA KR10,True,True,54.56
T001,2024-07-01 09:05:15,5,64.2,65.05,0.54,0.58,0.9,5.75,0.36,64.56,0.54,23.58,Edge-02,11.9,Heavy,Pick,FANUC M-20iA,True,True,64.2
T005,2024-07-01 09:05:16,5,83.2,83.53,0.59,0.57,1.16,4.96,0.12,83.43,0.59,24.32,Edge-01,11.73,Heavy,Pick,IRB6700,True,True,83.2
T001,2024-07-01 09:05:17,2,63.69,63.9,0.84,0.83,1.35,4.9,0.36,64.18,0.86,24.22,Edge-01,10.6,Heavy,Weld,FANUC M-20iA,True,True,63.69
T005,2024-07-01 09:05:18,5,85.08,85.3,0.38,0.32,1.02,5.32,0.18,85.0,0.37,24.39,Edge-03,14.49,Heavy,Place,IRB6700,True,True,85.08
T005,2024-07-01 09:05:19,3,16.73,16.13,0.51,0.56,0.91,4.85,0.47,16.88,0.5,24.82,Edge-02,12.1,Heavy,Pick,KUKA KR10,True,True,16.73
T004,2024-07-01 09:05:20,3,14.05,14.09,0.51,0.48,0.82,5.37,0.29,14.04,0.48,24.93,Edge-03,12.72,Heavy,Place,IRB6700,True,True,14.05
T003,2024-07-01 09:05:21,5,32.02,32.77,0.77,0.79,1.06,5.32,0.27,31.99,0.76,24.58,Edge-01,14.03,Light,Weld,KUKA KR10,True,True,32.02
T008,2024-07-01 09:05:22,2,27.95,28.27,0.94,0.91,0.87,5.18,0.38,27.84,0.88,23.34,Edge-02,11.97,Light,Inspect,IRB6700,True,True,27.95
T005,2024-07-01 09:05:23,2,52.4,52.21,0.33,0.4,1.33,4.73,0.33,52.26,0.32,23.4,Edge-03,12.04,Heavy,Inspect,FANUC M-20iA,True,True,52.4
T009,2024-07-01 09:05:24,6,64.38,65.16,0.35,0.31,1.25,4.89,0.2,64.15,0.32,24.18,Edge-03,14.13,Heavy,Place,IRB6700,True,True,64.38
T002,2024-07-01 09:05:25,5,63.85,63.6,0.86,0.8,1.32,5.04,0.27,63.49,0.88,22.7,Edge-03,14.96,Light,Inspect,KUKA KR10,True,True,63.85
T001,2024-07-01 09:05:26,4,22.5,22.8,0.66,0.72,1.41,4.93,0.53,22.31,0.63,23.33,Edge-03,12.82,Heavy,Pick,IRB6700,True,True,22.5
T009,2024-07-01 09:05:27,4,78.05,77.11,0.36,0.37,1.38,5.33,0.34,77.76,0.35,24.41,Edge-01,11.27,Light,Pick,KUKA KR10,True,True,78.05
T010,2024-07-01 09:05:28,3,79.24,79.01,0.74,0.78,1.22,5.4,0.37,79.77,0.71,24.42,Edge-02,11.13,Light,Inspect,KUKA KR10,True,True,79.24
T006,2024-07-01 09:05:29,5,65.39,65.13,0.39,0.46,0.95,4.59,0.37,65.48,0.37,24.62,Edge-01,10.22,Light,Pick,IRB6700,True,True,65.39
T008,2024-07-01 09:05:30,5,68.73,68.59,0.94,0.83,1.03,5.2,0.19,69.3,0.91,23.24,Edge-02,13.32,Light,Inspect,FANUC M-20iA,True,True,68.73
T009,2024-07-01 09:05:31,5,87.22,87.31,0.24,0.25,1.19,5.25,0.39,86.72,0.26,24.79,Edge-01,12.03,Heavy,Pick,FANUC M-20iA,True,True,87.22
T010,2024-07-01 09:05:32,1,21.46,20.96,0.62,0.67,1.29,5.85,0.36,21.78,0.63,23.24,Edge-02,10.01,Heavy,Inspect,FANUC M-20iA,True,True,21.46
T009,2024-07-01 09:05:33,2,31.76,31.83,0.37,0.43,1.22,4.52,0.44,31.49,0.39,24.16,Edge-03,12.78,Heavy,Pick,IRB6700,True,True,31.76
T008,2024-07-01 09:05:34,4,37.42,37.04,0.52,0.53,1.31,5.67,0.21,37.83,0.54,24.89,Edge-03,12.83,Heavy,Place,KUKA KR10,True,True,37.42
T004,2024-07-01 09:05:35,2,51.16,51.23,0.27,0.16,1.22,5.08,0.39,51.06,0.27,23.29,Edge-03,10.48,Light,Pick,KUKA KR10,True,True,51.16
T006,2024-07-01 09:05:36,5,24.15,24.13,0.63,0.64,1.41,5.99,0.43,24.25,0.61,23.51,Edge-02,13.36,Heavy,Place,IRB6700,True,True,24.15
T004,2024-07-01 09:05:37,4,64.58,64.04,0.45,0.47,0.89,5.37,0.21,64.91,0.47,24.38,Edge-02,14.36,Heavy,Pick,IRB6700,True,True,64.58
T005,2024-07-01 09:05:38,3,50.0,50.37,0.35,0.42,0.82,4.93,0.51,49.7,0.34,22.81,Edge-03,14.82,Light,Place,KUKA KR10,True,True,50.0
T006,2024-07-01 09:05:39,3,18.64,18.85,0.58,0.64,0.86,4.59,0.53,18.7,0.56,23.86,Edge-03,11.17,Heavy,Pick,IRB6700,True,True,18.64
T006,2024-07-01 09:05:40,4,61.02,62.01,0.4,0.4,1.02,5.42,0.46,61.19,0.43,23.67,Edge-02,10.95,Heavy,Pick,FANUC M-20iA,True,True,61.02
T010,2024-07-01 09:05:41,6,66.14,65.47,0.65,0.69,0.81,4.97,0.28,65.83,0.67,24.19,Edge-01,11.98,Heavy,Inspect,FANUC M-20iA,True,True,66.14
T008,2024-07-01 09:05:42,4,70.5,69.37,0.95,0.89,0.98,4.68,0.34,70.52,0.94,23.35,Edge-02,12.53,Heavy,Weld,IRB6700,True,True,70.5
T008,2024-07-01 09:05:43,6,22.95,22.87,0.73,0.67,0.88,5.82,0.13,22.41,0.7,24.15,Edge-02,12.21,Light,Inspect,KUKA KR10,True,True,22.95
T002,2024-07-01 09:05:44,1,61.86,61.95,0.96,0.99,0.91,5.22,0.45,62.4,0.93,22.82,Edge-01,11.96,Heavy,Inspect,IRB6700,True,True,61.86
T010,2024-07-01 09:05:45,1,23.01,22.5,0.79,0.9,1.41,5.37,0.42,23.34,0.78,23.85,Edge-01,10.4,Heavy,Weld,FANUC M-20iA,True,True,23.01
T009,2024-07-01 09:05:46,4,55.27,55.17,0.44,0.48,0.9,4.73,0.5,54.85,0.45,24.57,Edge-01,10.4,Light,Pick,IRB6700,True,True,55.27
T010,2024-07-01 09:05:47,3,48.15,48.89,0.7,0.72,0.99,5.91,0.36,48.28,0.65,23.95,Edge-01,14.68,Heavy,Inspect,KUKA KR10,True,True,48.15
T006,2024-07-01 09:05:48,1,63.78,64.47,0.96,0.96,0.82,5.97,0.23,63.66,1.0,23.45,Edge-02,10.27,Heavy,Pick,FANUC M-20iA,True,True,63.78
T006,2024-07-01 09:05:49,5,57.96,57.54,0.92,0.86,1.11,4.57,0.25,58.09,0.93,23.97,Edge-01,11.77,Light,Inspect,KUKA KR10,True,True,57.96
T003,2024-07-01 09:05:50,6,73.98,74.61,0.71,0.72,1.35,5.4,0.35,73.95,0.76,23.05,Edge-01,13.13,Light,Weld,KUKA KR10,True,True,73.98
T004,2024-07-01 09:05:51,5,55.73,56.17,0.35,0.36,1.33,5.29,0.24,55.94,0.33,22.7,Edge-02,12.21,Light,Weld,FANUC M-20iA,True,True,55.73
T004,2024-07-01 09:05:52,6,23.07,22.81,0.51,0.48,0.84,5.1,0.01,23.69,0.53,22.86,Edge-01,12.53,Heavy,Inspect,FANUC M-20iA,True,True,23.07
T006,2024-07-01 09:05:53,1,14.96,14.77,0.26,0.34,1.41,5.34,0.49,15.01,0.23,24.11,Edge-01,10.23,Heavy,Place,IRB6700,True,True,14.96
T009,2024-07-01 09:05:54,5,85.68,85.44,0.26,0.3,0.92,4.69,0.31,85.36,0.25,24.97,Edge-01,13.42,Heavy,Inspect,FANUC M-20iA,True,True,85.68
T008,2024-07-01 09:05:55,4,85.92,85.28,0.31,0.36,0.85,4.51,0.09,86.27,0.34,23.53,Edge-02,12.45,Light,Inspect,IRB6700,True,True,85.92
T008,2024-07-01 09:05:56,5,43.24,43.3,0.78,0.81,1.02,5.09,0.27,43.18,0.79,24.19,Edge-01,12.73,Heavy,Pick,KUKA KR10,True,True,43.24
T010,2024-07-01 09:05:57,3,48.01,47.74,0.94,0.93,1.04,5.67,0.26,48.02,0.94,23.06,Edge-02,12.0,Light,Place,FANUC M-20iA,True,True,48.01
T005,2024-07-01 09:05:58,1,42.77,42.47,0.78,0.83,1.09,5.37,0.34,42.91,0.76,23.54,Edge-02,12.74,Heavy,Place,KUKA KR10,True,True,42.77
T008,2024-07-01 09:05:59,2,42.22,42.43,0.62,0.57,0.89,4.74,0.46,42.05,0.6,24.17,Edge-01,12.42,Heavy,Weld,KUKA KR10,True,True,42.22
T008,2024-07-01 09:06:00,4,43.47,44.04,0.66,0.57,0.91,5.21,0.51,43.95,0.67,22.56,Edge-02,11.77,Light,Place,IRB6700,True,True,43.47
T008,2024-07-01 09:06:01,3,72.42,72.01,0.65,0.69,1.2,5.69,0.19,72.63,0.68,23.72,Edge-01,10.67,Light,Weld,FANUC M-20iA,True,True,72.42
T001,2024-07-01 09:06:02,3,30.91,31.81,0.61,0.54,1.0,4.51,0.12,30.9,0.62,22.94,Edge-02,12.36,Light,Weld,FANUC M-20iA,True,True,30.91
T006,2024-07-01 09:06:03,2,17.31,17.37,0.7,0.59,1.16,5.84,0.42,17.38,0.72,24.73,Edge-01,12.98,Light,Weld,FANUC M-20iA,True,True,17.31
T006,2024-07-01 09:06:04,5,74.81,75.59,0.93,0.91,1.2,4.77,0.22,74.62,0.91,23.89,Edge-02,12.94,Heavy,Pick,IRB6700,True,True,74.81
T009,2024-07-01 09:06:05,5,44.12,43.59,0.69,0.69,0.95,4.92,0.17,44.49,0.68,22.53,Edge-03,13.25,Light,Inspect,IRB6700,True,True,44.12
T004,2024-07-01 09:06:06,1,63.51,63.46,0.65,0.7,1.26,5.52,0.2,63.81,0.66,23.14,Edge-02,11.1,Light,Pick,KUKA KR10,True,True,63.51
T003,2024-07-01 09:06:07,2,21.05,20.94,0.89,0.99,0.97,5.64,0.3,20.82,0.91,23.53,Edge-03,11.05,Light,Inspect,IRB6700,True,True,21.05
T001,2024-07-01 09:06:08,2,88.12,88.4,0.44,0.45,1.35,5.65,0.2,88.03,0.46,23.94,Edge-03,11.03,Light,Weld,IRB6700,True,True,88.12
T004,2024-07-01 09:06:09,1,50.36,50.81,0.45,0.54,1.32,4.85,0.21,49.9,0.44,23.0,Edge-01,13.92,Heavy,Place,FANUC M-20iA,True,True,50.36
T001,2024-07-01 09:06:10,2,82.74,83.41,0.92,0.89,1.39,4.77,0.29,82.88,0.91,23.72,Edge-01,10.55,Heavy,Place,KUKA KR10,True,True,82.74
T007,2024-07-01 09:06:11,3,29.88,29.79,0.45,0.46,1.01,5.79,0.32,30.0,0.46,22.87,Edge-03,13.45,Heavy,Weld,KUKA KR10,True,True,29.88
T007,2024-07-01 09:06:12,5,85.6,85.03,0.6,0.66,1.25,5.27,0.26,85.38,0.61,22.84,Edge-01,14.76,Light,Pick,IRB6700,True,True,85.6
T010,2024-07-01 09:06:13,5,36.31,36.47,0.73,0.77,1.46,4.97,0.36,36.62,0.75,24.19,Edge-01,11.26,Heavy,Weld,IRB6700,True,True,36.31
T003,2024-07-01 09:06:14,1,79.84,79.74,0.88,0.97,1.07,4.75,0.32,80.21,0.89,23.78,Edge-01,13.02,Light,Weld,IRB6700,True,True,79.84
T004,2024-07-01 09:06:15,2,46.87,46.44,0.86,0.89,0.87,5.76,0.38,47.24,0.88,23.41,Edge-01,14.4,Heavy,Weld,FANUC M-20iA,True,True,46.87
T009,2024-07-01 09:06:16,6,68.03,67.92,0.91,0.86,0.83,5.94,0.41,68.47,0.89,24.86,Edge-01,11.49,Heavy,Place,FANUC M-20iA,True,True,68.03
T010,2024-07-01 09:06:17,6,72.04,71.62,0.51,0.53,1.06,5.04,0.3,72.12,0.47,23.6,Edge-01,14.4,Light,Place,IRB6700,True,True,72.04
T003,2024-07-01 09:06:18,2,50.44,49.87,0.99,0.99,0.97,4.61,0.4,50.95,0.96,24.46,Edge-01,10.98,Light,Place,KUKA KR10,True,True,50.44
T009,2024-07-01 09:06:19,2,75.62,74.73,0.72,0.66,0.98,5.63,0.07,75.01,0.72,23.99,Edge-02,14.98,Light,Weld,FANUC M-20iA,True,True,75.62
T009,2024-07-01 09:06:20,5,44.82,44.71,0.24,0.27,0.94,5.13,0.23,44.98,0.25,23.58,Edge-03,10.6,Light,Pick,KUKA KR10,True,True,44.82
T003,2024-07-01 09:06:21,2,50.99,51.07,0.48,0.55,1.3,4.67,0.15,51.37,0.47,23.35,Edge-02,12.22,Light,Pick,KUKA KR10,True,True,50.99
T002,2024-07-01 09:06:22,1,64.05,64.62,0.89,0.89,0.81,5.67,0.33,64.04,0.9,24.39,Edge-01,11.24,Light,Inspect,FANUC M-20iA,True,True,64.05
T009,2024-07-01 09:06:23,5,53.07,53.06,0.99,0.94,0.8,5.11,0.43,53.27,0.98,23.34,Edge-01,14.14,Heavy,Pick,FANUC M-20iA,True,True,53.07
T007,2024-07-01 09:06:24,6,10.05,9.52,0.39,0.35,0.85,4.78,0.12,10.19,0.35,24.69,Edge-02,14.53,Heavy,Weld,KUKA KR10,True,True,10.05
T006,2024-07-01 09:06:25,5,49.44,48.83,0.46,0.45,1.01,4.98,0.27,49.58,0.45,22.81,Edge-03,13.17,Light,Inspect,FANUC M-20iA,True,True,49.44
T003,2024-07-01 09:06:26,2,19.91,20.15,0.64,0.62,0.85,5.93,0.36,19.79,0.65,22.53,Edge-02,12.56,Heavy,Place,FANUC M-20iA,True,True,19.91
T001,2024-07-01 09:06:27,4,71.56,71.44,0.95,0.94,1.0,4.93,0.32,71.14,0.92,23.86,Edge-03,10.8,Heavy,Pick,IRB6700,True,True,71.56
T010,2024-07-01 09:06:28,5,65.3,65.04,0.6,0.56,1.36,5.61,0.2,65.43,0.58,23.44,Edge-02,12.07,Light,Pick,FANUC M-20iA,True,True,65.3
T008,2024-07-01 09:06:29,5,13.18,13.23,0.42,0.4,0.93,5.09,0.29,13.06,0.43,24.95,Edge-01,11.91,Heavy,Weld,IRB6700,True,True,13.18
T006,2024-07-01 09:06:30,3,72.02,72.62,0.35,0.28,0.9,5.91,0.42,72.16,0.35,23.28,Edge-02,13.18,Heavy,Place,IRB6700,True,True,72.02
T004,2024-07-01 09:06:31,4,38.48,38.22,0.32,0.38,1.07,4.7,0.34,38.3,0.31,23.25,Edge-01,13.21,Light,Place,KUKA KR10,True,True,38.48
T005,2024-07-01 09:06:32,6,58.08,57.59,0.86,0.93,0.94,5.2,0.25,58.23,0.89,22.56,Edge-01,13.45,Heavy,Place,KUKA KR10,True,True,58.08
T008,2024-07-01 09:06:33,4,35.29,34.74,0.24,0.17,1.07,4.62,0.36,35.15,0.22,22.72,Edge-02,14.55,Heavy,Weld,FANUC M-20iA,True,True,35.29
T006,2024-07-01 09:06:34,3,10.48,9.95,0.45,0.45,1.45,4.74,0.33,10.98,0.45,23.84,Edge-01,10.98,Light,Weld,IRB6700,True,True,10.48
T009,2024-07-01 09:06:35,2,23.3,23.8,0.93,0.88,1.33,5.01,0.15,23.59,0.93,22.62,Edge-02,11.29,Light,Place,FANUC M-20iA,True,True,23.3
T001,2024-07-01 09:06:36,6,47.2,47.57,0.94,0.9,1.1,5.01,0.29,47.36,0.9,24.77,Edge-02,12.84,Heavy,Inspect,KUKA KR10,True,True,47.2
T006,2024-07-01 09:06:37,3,70.97,70.89,0.85,0.81,1.39,5.04,0.11,71.39,0.86,24.51,Edge-01,14.23,Heavy,Pick,KUKA KR10,True,True,70.97
T008,2024-07-01 09:06:38,5,41.6,41.54,0.74,0.71,1.12,5.62,0.43,41.18,0.75,23.86,Edge-01,11.02,Light,Inspect,KUKA KR10,True,True,41.6
T005,2024-07-01 09:06:39,4,33.35,32.98,0.8,0.73,1.48,5.57,0.29,33.32,0.81,23.69,Edge-02,14.49,Light,Weld,FANUC M-20iA,True,True,33.35
T009,2024-07-01 09:06:40,2,52.0,51.49,0.56,0.6,0.89,4.81,0.4,52.14,0.54,24.32,Edge-03,13.0,Light,Inspect,FANUC M-20iA,True,True,52.0
T009,2024-07-01 09:06:41,2,68.5,68.59,0.82,0.82,1.04,5.47,0.34,68.4,0.8,24.54,Edge-01,12.99,Light,Pick,FANUC M-20iA,True,True,68.5
T002,2024-07-01 09:06:42,1,41.49,42.07,0.47,0.47,1.41,4.63,0.35,41.62,0.46,22.91,Edge-03,13.53,Heavy,Place,IRB6700,True,True,41.49
T010,2024-07-01 09:06:43,6,52.83,52.19,0.71,0.68,0.83,4.98,0.24,53.17,0.71,24.17,Edge-02,12.18,Heavy,Pick,KUKA KR10,True,True,52.83
T005,2024-07-01 09:06:44,2,86.25,86.42,0.62,0.63,0.98,4.58,0.24,86.36,0.63,23.91,Edge-02,13.0,Light,Pick,FANUC M-20iA,True,True,86.25
T010,2024-07-01 09:06:45,1,23.3,22.36,0.5,0.52,1.31,5.88,0.31,23.45,0.53,22.98,Edge-02,13.33,Light,Pick,IRB6700,True,True,23.3
T010,2024-07-01 09:06:46,4,59.87,59.75,0.62,0.75,1.03,5.28,0.36,59.71,0.66,23.59,Edge-02,11.38,Light,Inspect,IRB6700,True,True,59.87
T007,2024-07-01 09:06:47,3,54.65,54.26,0.48,0.38,1.32,4.56,0.3,54.03,0.47,24.8,Edge-03,10.06,Light,Weld,KUKA KR10,True,True,54.65
T002,2024-07-01 09:06:48,2,54.23,54.18,0.27,0.36,1.48,5.28,0.16,54.41,0.22,22.69,Edge-03,10.53,Light,Pick,IRB6700,True,True,54.23
T001,2024-07-01 09:06:49,2,77.0,76.69,0.39,0.39,1.34,4.59,0.16,76.7,0.39,22.59,Edge-03,10.26,Light,Weld,IRB6700,True,True,77.0
T004,2024-07-01 09:06:50,1,76.73,77.32,0.41,0.4,1.1,4.56,0.52,76.3,0.37,23.29,Edge-01,10.53,Heavy,Inspect,KUKA KR10,True,True,76.73
T004,2024-07-01 09:06:51,4,39.34,39.73,0.28,0.36,1.0,5.45,0.38,38.99,0.22,24.39,Edge-03,11.41,Light,Place,KUKA KR10,True,True,39.34
T003,2024-07-01 09:06:52,6,35.44,35.88,0.69,0.69,1.18,4.87,0.39,35.32,0.7,22.75,Edge-02,10.08,Light,Inspect,IRB6700,True,True,35.44
T002,2024-07-01 09:06:53,6,87.09,88.5,0.5,0.46,1.28,5.9,0.32,86.78,0.5,23.95,Edge-01,13.83,Light,Place,IRB6700,True,True,87.09
T002,2024-07-01 09:06:54,3,42.51,42.67,0.92,0.96,1.24,4.7,0.2,42.32,0.92,24.19,Edge-03,11.5,Heavy,Pick,IRB6700,True,True,42.51
T009,2024-07-01 09:06:55,5,24.72,24.87,0.81,0.73,1.23,4.56,0.29,24.61,0.77,22.87,Edge-01,14.92,Heavy,Inspect,FANUC M-20iA,True,True,24.72
T007,2024-07-01 09:06:56,4,26.73,26.58,0.82,0.8,1.1,5.35,0.43,26.66,0.84,23.47,Edge-01,14.15,Heavy,Inspect,KUKA KR10,True,True,26.73
T010,2024-07-01 09:06:57,1,20.7,20.74,0.95,0.9,1.46,4.91,0.44,21.07,0.93,24.41,Edge-01,14.65,Light,Pick,FANUC M-20iA,True,True,20.7
T002,2024-07-01 09:06:58,2,26.38,26.7,0.25,0.29,1.07,4.92,0.44,26.65,0.25,24.5,Edge-02,12.17,Light,Pick,IRB6700,True,True,26.38
T007,2024-07-01 09:06:59,1,79.56,79.68,0.34,0.4,1.08,5.41,0.22,80.05,0.33,23.07,Edge-01,10.29,Heavy,Weld,IRB6700,True,True,79.56
T009,2024-07-01 09:07:00,6,33.99,33.35,0.48,0.48,1.08,4.59,0.4,34.05,0.49,24.16,Edge-01,12.1,Heavy,Place,KUKA KR10,True,True,33.99
T005,2024-07-01 09:07:01,6,66.09,65.54,0.53,0.52,1.28,5.49,0.3,66.06,0.52,24.95,Edge-03,12.1,Light,Inspect,FANUC M-20iA,True,True,66.09
T001,2024-07-01 09:07:02,3,50.16,50.29,0.67,0.69,1.36,5.8,0.15,49.37,0.68,24.24,Edge-02,10.42,Heavy,Place,IRB6700,True,True,50.16
T005,2024-07-01 09:07:03,4,79.04,78.99,0.58,0.58,1.09,5.82,0.23,79.2,0.57,23.89,Edge-03,10.27,Light,Pick,IRB6700,True,True,79.04
T010,2024-07-01 09:07:04,1,87.75,86.82,0.58,0.59,1.4,4.96,0.27,87.68,0.6,23.68,Edge-02,11.14,Light,Place,KUKA KR10,True,True,87.75
T007,2024-07-01 09:07:05,2,23.29,22.93,0.47,0.46,1.49,5.23,0.35,23.83,0.46,24.96,Edge-01,10.25,Heavy,Place,IRB6700,True,True,23.29
T003,2024-07-01 09:07:06,3,17.74,17.25,0.35,0.4,0.83,4.53,0.25,17.85,0.4,23.57,Edge-03,10.14,Light,Weld,IRB6700,True,True,17.74
T003,2024-07-01 09:07:07,4,72.68,72.32,0.21,0.23,1.1,5.3,0.33,71.96,0.2,24.72,Edge-01,14.47,Light,Place,IRB6700,True,True,72.68
T007,2024-07-01 09:07:08,5,36.87,37.21,0.97,0.98,1.16,5.18,0.32,36.54,0.95,23.51,Edge-03,14.99,Heavy,Weld,KUKA KR10,True,True,36.87
T002,2024-07-01 09:07:09,5,14.4,13.92,0.66,0.68,0.98,4.97,0.01,14.32,0.65,24.92,Edge-01,14.72,Heavy,Place,KUKA KR10,True,True,14.4
T002,2024-07-01 09:07:10,4,36.79,37.21,0.2,0.21,1.37,5.92,0.3,36.96,0.24,24.33,Edge-01,14.98,Heavy,Weld,KUKA KR10,True,True,36.79
T008,2024-07-01 09:07:11,4,33.0,32.76,0.63,0.51,0.92,5.97,0.38,33.0,0.65,24.01,Edge-01,11.14,Light,Weld,FANUC M-20iA,True,True,33.0
T008,2024-07-01 09:07:12,4,53.5,53.58,0.99,1.09,1.23,5.06,0.24,53.65,0.96,23.58,Edge-01,13.91,Light,Inspect,KUKA KR10,True,True,53.5
T010,2024-07-01 09:07:13,4,48.73,48.14,0.84,0.75,1.37,4.86,0.39,48.74,0.81,23.15,Edge-02,10.05,Heavy,Weld,FANUC M-20iA,True,True,48.73
T009,2024-07-01 09:07:14,6,61.86,60.41,0.97,1.0,1.2,5.8,0.32,61.53,0.97,24.3,Edge-01,11.86,Light,Pick,FANUC M-20iA,True,True,61.86
T003,2024-07-01 09:07:15,2,17.4,17.92,0.57,0.62,0.97,5.95,0.27,17.63,0.56,24.92,Edge-02,12.22,Heavy,Inspect,FANUC M-20iA,True,True,17.4
T002,2024-07-01 09:07:16,6,35.68,36.66,0.42,0.43,1.32,4.58,0.29,35.52,0.39,23.73,Edge-03,11.6,Light,Weld,KUKA KR10,True,True,35.68
T003,2024-07-01 09:07:17,2,25.38,24.84,0.45,0.45,1.11,5.36,0.34,25.73,0.47,24.02,Edge-01,10.44,Heavy,Place,KUKA KR10,True,True,25.38
T004,2024-07-01 09:07:18,1,64.15,64.22,0.79,0.76,0.95,5.76,0.15,64.09,0.81,23.86,Edge-02,10.63,Heavy,Pick,FANUC M-20iA,True,True,64.15
T008,2024-07-01 09:07:19,1,33.18,32.42,0.39,0.37,1.29,4.83,0.16,32.79,0.36,24.94,Edge-02,14.77,Heavy,Inspect,KUKA KR10,True,True,33.18
T009,2024-07-01 09:07:20,5,74.01,73.44,0.6,0.56,1.34,5.79,0.26,74.31,0.58,22.65,Edge-01,13.51,Heavy,Inspect,FANUC M-20iA,True,True,74.01
T006,2024-07-01 09:07:21,5,10.79,11.35,0.53,0.59,1.34,4.96,0.19,10.61,0.55,23.62,Edge-01,13.64,Heavy,Weld,KUKA KR10,True,True,10.79
T008,2024-07-01 09:07:22,5,65.43,65.97,0.93,1.01,0.91,5.63,0.13,65.58,0.89,23.95,Edge-01,14.45,Light,Weld,KUKA KR10,True,True,65.43
T001,2024-07-01 09:07:23,3,55.54,55.38,0.71,0.68,0.96,5.24,0.3,55.26,0.7,23.76,Edge-03,11.61,Light,Pick,FANUC M-20iA,True,True,55.54
T006,2024-07-01 09:07:24,2,30.65,30.1,0.94,0.93,1.41,5.56,0.32,30.55,0.95,22.78,Edge-02,13.22,Heavy,Inspect,KUKA KR10,True,True,30.65
T008,2024-07-01 09:07:25,6,76.75,77.09,0.66,0.63,1.17,4.55,0.51,76.55,0.66,23.59,Edge-02,11.46,Heavy,Weld,IRB6700,True,True,76.75
T003,2024-07-01 09:07:26,2,53.63,53.83,0.84,0.8,0.91,4.66,0.06,54.24,0.85,24.67,Edge-01,14.14,Light,Pick,IRB6700,True,True,53.63
T003,2024-07-01 09:07:27,3,60.08,59.69,0.26,0.23,0.98,5.08,0.26,60.12,0.27,24.59,Edge-02,13.55,Heavy,Place,KUKA KR10,True,True,60.08
T008,2024-07-01 09:07:28,3,19.0,18.55,0.71,0.76,1.04,6.0,0.21,18.71,0.73,24.59,Edge-01,14.87,Heavy,Place,IRB6700,True,True,19.0
T009,2024-07-01 09:07:29,6,88.05,88.52,0.25,0.27,1.25,4.69,0.41,88.01,0.27,22.6,Edge-02,11.81,Light,Inspect,IRB6700,True,True,88.05
T001,2024-07-01 09:07:30,6,76.11,75.92,0.24,0.33,1.1,5.2,0.32,76.29,0.25,22.67,Edge-02,14.86,Light,Weld,FANUC M-20iA,True,True,76.11
T003,2024-07-01 09:07:31,5,38.8,37.83,0.58,0.65,1.26,5.57,0.19,38.53,0.56,22.81,Edge-01,13.28,Heavy,Weld,KUKA KR10,True,True,38.8
T009,2024-07-01 09:07:32,2,13.18,13.68,0.91,0.92,1.11,5.19,0.32,13.01,0.9,23.55,Edge-02,14.19,Heavy,Pick,KUKA KR10,True,True,13.18
T009,2024-07-01 09:07:33,5,80.17,80.52,0.39,0.32,0.87,5.87,0.32,80.34,0.4,22.62,Edge-02,14.22,Light,Pick,KUKA KR10,True,True,80.17
T004,2024-07-01 09:07:34,3,45.04,45.34,0.27,0.17,1.33,5.37,0.25,44.89,0.29,22.54,Edge-01,10.25,Heavy,Inspect,FANUC M-20iA,True,True,45.04
T006,2024-07-01 09:07:35,4,55.82,55.97,0.86,0.8,1.22,4.91,0.17,56.18,0.9,24.35,Edge-01,13.38,Heavy,Weld,FANUC M-20iA,True,True,55.82
T005,2024-07-01 09:07:36,4,26.47,26.04,0.3,0.28,1.27,5.79,0.31,26.59,0.31,24.05,Edge-03,13.91,Heavy,Pick,FANUC M-20iA,True,True,26.47
T006,2024-07-01 09:07:37,3,66.26,66.9,0.87,0.85,1.25,4.97,0.38,65.9,0.88,24.28,Edge-01,10.88,Light,Pick,KUKA KR10,True,True,66.26
T007,2024-07-01 09:07:38,4,28.83,29.26,0.37,0.37,0.9,5.64,0.39,28.83,0.38,23.08,Edge-03,10.78,Heavy,Weld,FANUC M-20iA,True,True,28.83
T002,2024-07-01 09:07:39,6,64.67,64.19,0.67,0.63,1.11,5.11,0.41,64.38,0.64,23.91,Edge-02,11.26,Light,Pick,KUKA KR10,True,True,64.67
T009,2024-07-01 09:07:40,6,83.22,83.47,0.28,0.27,1.26,5.86,0.37,83.2,0.26,22.97,Edge-01,11.52,Heavy,Weld,FANUC M-20iA,True,True,83.22
T006,2024-07-01 09:07:41,6,17.44,17.97,0.32,0.31,1.36,4.71,0.21,17.54,0.3,22.99,Edge-01,10.49,Light,Pick,KUKA KR10,True,True,17.44
T005,2024-07-01 09:07:42,3,23.35,24.02,0.63,0.57,1.27,5.52,0.16,23.58,0.63,24.73,Edge-02,12.85,Light,Inspect,IRB6700,True,True,23.35
T008,2024-07-01 09:07:43,3,76.59,76.31,0.99,1.02,1.27,5.97,0.21,76.81,0.98,22.77,Edge-03,13.9,Light,Place,KUKA KR10,True,True,76.59
T010,2024-07-01 09:07:44,3,82.82,83.58,0.54,0.47,1.11,4.97,0.34,83.0,0.54,23.17,Edge-01,14.56,Light,Weld,FANUC M-20iA,True,True,82.82
T002,2024-07-01 09:07:45,2,60.65,60.62,0.78,0.82,0.82,5.06,0.2,60.35,0.79,24.56,Edge-03,11.18,Light,Pick,KUKA KR10,True,True,60.65
T005,2024-07-01 09:07:46,2,62.18,62.99,0.29,0.21,0.81,5.86,0.38,62.01,0.31,24.91,Edge-02,14.58,Heavy,Place,KUKA KR10,True,True,62.18
T005,2024-07-01 09:07:47,4,50.23,49.62,0.84,0.81,0.99,5.72,0.27,50.01,0.84,23.36,Edge-02,14.91,Heavy,Weld,FANUC M-20iA,True,True,50.23
T006,2024-07-01 09:07:48,2,60.37,59.78,0.99,0.98,1.37,4.92,0.32,60.07,0.99,24.61,Edge-01,12.23,Heavy,Place,IRB6700,True,True,60.37
T005,2024-07-01 09:07:49,1,66.69,67.08,0.79,0.77,1.25,4.61,0.19,66.85,0.75,24.99,Edge-01,12.37,Heavy,Place,FANUC M-20iA,True,True,66.69
T008,2024-07-01 09:07:50,3,75.28,75.97,0.68,0.66,1.42,5.12,0.46,75.67,0.66,22.73,Edge-02,10.08,Heavy,Pick,IRB6700,True,True,75.28
T001,2024-07-01 09:07:51,5,79.88,79.75,0.39,0.42,1.02,5.26,0.22,80.31,0.38,22.86,Edge-01,10.04,Heavy,Weld,KUKA KR10,True,True,79.88
T003,2024-07-01 09:07:52,4,11.6,11.01,0.61,0.72,0.81,5.13,0.25,12.12,0.59,24.53,Edge-02,12.94,Heavy,Pick,FANUC M-20iA,True,True,11.6
T007,2024-07-01 09:07:53,5,26.86,27.25,0.39,0.44,1.09,4.89,0.34,26.98,0.41,23.62,Edge-03,12.44,Light,Inspect,KUKA KR10,True,True,26.86
T003,2024-07-01 09:07:54,3,26.34,25.61,1.0,1.07,1.14,5.23,0.38,26.38,1.0,24.3,Edge-02,12.93,Light,Inspect,KUKA KR10,True,True,26.34
T005,2024-07-01 09:07:55,2,49.39,50.08,0.35,0.27,1.44,5.0,0.28,49.4,0.36,24.08,Edge-01,12.71,Heavy,Inspect,IRB6700,True,True,49.39
T008,2024-07-01 09:07:56,4,20.35,19.95,0.7,0.69,1.11,5.67,0.24,20.21,0.71,24.28,Edge-02,12.09,Light,Inspect,IRB6700,True,True,20.35
T003,2024-07-01 09:07:57,5,51.38,51.3,0.27,0.3,0.88,5.95,0.14,51.52,0.25,23.11,Edge-03,13.59,Heavy,Inspect,KUKA KR10,True,True,51.38
T001,2024-07-01 09:07:58,2,72.15,72.67,0.91,0.99,0.86,5.0,0.45,71.94,0.89,23.1,Edge-01,11.41,Heavy,Weld,FANUC M-20iA,True,True,72.15
T008,2024-07-01 09:07:59,2,42.89,43.22,0.39,0.39,1.04,4.51,0.32,43.18,0.4,22.87,Edge-01,10.8,Light,Weld,FANUC M-20iA,True,True,42.89
T007,2024-07-01 09:08:00,6,73.21,72.97,0.7,0.71,1.02,5.05,0.37,73.38,0.71,23.52,Edge-01,13.86,Light,Weld,FANUC M-20iA,True,True,73.21
T005,2024-07-01 09:08:01,1,48.71,48.65,0.92,0.89,1.36,5.78,0.36,48.73,0.92,22.62,Edge-02,10.75,Heavy,Pick,KUKA KR10,True,True,48.71
T001,2024-07-01 09:08:02,3,53.01,53.95,0.21,0.26,1.47,4.57,0.37,53.04,0.23,22.53,Edge-03,12.71,Heavy,Weld,FANUC M-20iA,True,True,53.01
T007,2024-07-01 09:08:03,3,46.77,47.03,0.6,0.61,1.15,5.65,0.25,46.41,0.6,24.12,Edge-03,10.86,Heavy,Place,FANUC M-20iA,True,True,46.77
T001,2024-07-01 09:08:04,2,79.79,79.25,0.97,0.99,1.16,4.61,0.16,80.0,0.98,24.95,Edge-01,12.51,Heavy,Weld,FANUC M-20iA,True,True,79.79
T007,2024-07-01 09:08:05,2,46.4,46.65,0.8,0.81,1.18,4.63,0.19,46.73,0.79,24.64,Edge-01,10.5,Light,Weld,FANUC M-20iA,True,True,46.4
T007,2024-07-01 09:08:06,6,17.26,17.55,0.3,0.28,1.3,4.65,0.15,17.64,0.29,24.1,Edge-02,11.18,Heavy,Pick,IRB6700,True,True,17.26
T004,2024-07-01 09:08:07,4,67.09,67.45,0.9,0.85,1.1,4.74,0.32,67.4,0.92,22.76,Edge-03,12.53,Light,Inspect,KUKA KR10,True,True,67.09
T005,2024-07-01 09:08:08,2,75.17,75.18,0.96,1.0,1.17,5.09,0.3,75.53,0.94,24.62,Edge-02,14.16,Heavy,Pick,FANUC M-20iA,True,True,75.17
T006,2024-07-01 09:08:09,1,42.28,40.69,0.47,0.61,0.97,5.69,0.27,41.65,0.47,22.77,Edge-02,11.19,Heavy,Place,KUKA KR10,True,True,42.28
T009,2024-07-01 09:08:10,5,85.94,85.5,0.57,0.54,1.01,4.55,0.35,85.36,0.53,23.62,Edge-03,14.83,Light,Weld,IRB6700,True,True,85.94
T005,2024-07-01 09:08:11,3,40.19,40.56,0.41,0.4,1.33,4.81,0.14,40.62,0.4,23.35,Edge-03,12.82,Light,Inspect,KUKA KR10,True,True,40.19
T005,2024-07-01 09:08:12,4,26.4,26.22,0.9,0.92,1.05,5.58,0.36,26.32,0.9,23.73,Edge-03,10.41,Light,Place,IRB6700,True,True,26.4
T005,2024-07-01 09:08:13,1,25.68,25.59,0.96,0.96,1.45,5.32,0.32,25.96,0.94,24.15,Edge-02,14.95,Light,Weld,IRB6700,True,True,25.68
T010,2024-07-01 09:08:14,1,31.2,31.01,0.29,0.3,0.8,6.0,0.36,31.39,0.25,22.88,Edge-03,11.42,Heavy,Place,KUKA KR10,True,True,31.2
T001,2024-07-01 09:08:15,2,40.08,40.13,0.81,0.77,0.81,4.65,0.31,40.29,0.81,24.09,Edge-02,14.01,Light,Pick,FANUC M-20iA,True,True,40.08
T006,2024-07-01 09:08:16,6,47.31,46.9,0.9,0.89,1.35,4.75,0.04,48.07,0.91,23.95,Edge-02,12.7,Light,Weld,KUKA KR10,True,True,47.31
T009,2024-07-01 09:08:17,5,14.03,14.1,0.25,0.29,0.9,5.75,0.39,13.89,0.23,23.12,Edge-02,11.86,Light,Pick,FANUC M-20iA,True,True,14.03
T006,2024-07-01 09:08:18,4,30.37,29.08,0.99,0.97,0.84,4.71,0.31,30.21,1.05,23.9,Edge-02,10.85,Light,Place,KUKA KR10,True,True,30.37
T010,2024-07-01 09:08:19,4,25.82,26.5,0.46,0.39,0.88,5.96,0.34,25.62,0.48,22.84,Edge-03,10.73,Light,Weld,IRB6700,True,True,25.82
